timestamp,subscription_id,old_delivery_price,new_delivery_price,status,error
2026-01-12T00:35:26.897+00:00,4107010247,15.9,16.90,success,
2026-01-12T02:41:08.483+00:00,23684153543,9.6,10.3,success,
2026-01-12T02:41:10.369+00:00,23671537863,9.6,10.3,success,
2026-01-12T02:41:11.965+00:00,22838149319,9.6,10.3,success,
2026-01-13T00:24:23.008+00:00,19077333191,21.9,24.9,success,
2026-01-13T00:24:25.066+00:00,17405673671,21.9,24.9,success,
2026-01-13T00:24:26.455+00:00,17302880455,21.9,24.9,success,
2026-01-13T00:24:28.207+00:00,17041490119,21.9,24.9,success,
2026-01-13T00:24:29.699+00:00,12700811463,21.9,24.9,success,
2026-01-13T00:24:31.559+00:00,8992489671,21.9,24.9,success,
2026-01-13T00:24:33.276+00:00,8632336583,21.9,24.9,success,
2026-01-13T00:24:35.099+00:00,8010858695,21.9,24.9,success,
2026-01-13T00:24:36.626+00:00,5537333447,21.9,24.9,success,
2026-01-13T00:24:38.105+00:00,4922867911,21.9,24.9,success,
2026-01-13T00:24:39.571+00:00,4084596935,21.9,24.9,success,
2026-01-13T00:24:41.413+00:00,3972169927,21.9,24.9,success,
2026-01-13T00:24:42.948+00:00,3820880071,21.9,24.9,success,
2026-01-13T00:24:44.769+00:00,3629973703,21.9,24.9,success,
2026-01-13T00:24:46.628+00:00,3351838919,21.9,24.9,success,
2026-01-13T00:24:48.788+00:00,3174564039,21.9,24.9,success,
2026-01-13T00:24:50.242+00:00,3077243079,21.9,24.9,success,
2026-01-13T00:24:52.205+00:00,3073605831,21.9,24.9,success,
2026-01-13T00:24:53.935+00:00,3032711367,21.9,24.9,success,
2026-01-13T00:24:55.744+00:00,2932539591,21.9,24.9,success,
2026-01-13T00:24:57.589+00:00,2932506823,21.9,24.9,success,
2026-01-13T00:24:59.453+00:00,2882207943,21.9,24.9,success,
2026-01-13T00:25:01.334+00:00,2754019527,21.9,24.9,success,
2026-01-13T00:25:02.948+00:00,2616000711,21.9,24.9,success,
2026-01-13T00:25:04.493+00:00,2589360327,21.9,24.9,success,
2026-01-13T00:25:06.509+00:00,2540699847,21.9,24.9,success,
2026-01-13T00:25:08.039+00:00,2524315847,21.9,24.9,success,
2026-01-13T00:25:09.459+00:00,2521891015,24.9,24.9,success,
2026-01-13T00:37:03.554+00:00,22174793927,16.9,18.2,success,
2026-01-13T00:37:05.485+00:00,22122365127,16.9,18.2,success,
2026-01-13T00:37:07.577+00:00,22110109895,16.9,18.2,success,
2026-01-13T00:37:09.248+00:00,22060073159,16.9,18.2,success,
2026-01-13T00:37:11.047+00:00,21998174407,16.9,18.2,success,
2026-01-13T00:37:12.748+00:00,21944565959,18.2,18.2,success,
2026-01-13T00:37:14.397+00:00,21919924423,16.9,18.2,success,
2026-01-13T00:37:16.130+00:00,21908979911,16.9,18.2,success,
2026-01-13T00:37:17.492+00:00,21886238919,16.9,18.2,success,
2026-01-13T00:37:19.333+00:00,21880012999,16.9,18.2,success,
2026-01-13T00:37:20.700+00:00,21854879943,16.9,18.2,success,
2026-01-13T00:37:22.217+00:00,21836824775,16.9,18.2,success,
2026-01-13T00:37:23.807+00:00,21829419207,16.9,18.2,success,
2026-01-13T00:37:26.091+00:00,21801894087,16.9,18.2,success,
2026-01-13T00:37:28.268+00:00,21800943815,18.2,18.2,success,
2026-01-13T00:37:29.734+00:00,21738717383,16.9,18.2,success,
2026-01-13T00:37:31.207+00:00,21733245127,16.9,18.2,success,
2026-01-13T00:37:32.957+00:00,21712109767,16.9,18.2,success,
2026-01-13T00:37:34.669+00:00,21669347527,16.9,18.2,success,
2026-01-13T00:37:36.588+00:00,21587067079,18.2,18.2,success,
2026-01-13T00:37:37.963+00:00,21513273543,16.9,18.2,success,
2026-01-13T00:37:40.057+00:00,21488730311,16.9,18.2,success,
2026-01-13T00:37:41.847+00:00,21473591495,16.9,18.2,success,
2026-01-13T00:37:43.510+00:00,21451440327,18.2,18.2,success,
2026-01-13T00:37:45.088+00:00,21379678407,16.9,18.2,success,
2026-01-13T00:37:47.032+00:00,21370994887,18.2,18.2,success,
2026-01-13T00:37:48.506+00:00,21353955527,16.9,18.2,success,
2026-01-13T00:37:50.007+00:00,21345763527,16.9,18.2,success,
2026-01-13T00:37:51.821+00:00,21249982663,16.9,18.2,success,
2026-01-13T00:37:53.402+00:00,21045117127,16.9,18.2,success,
2026-01-13T00:38:03.863+00:00,17488675015,18.2,18.2,success,
2026-01-13T00:38:05.818+00:00,17403969735,15.9,18.2,success,
2026-01-13T00:38:07.325+00:00,17387880647,15.9,18.2,success,
2026-01-13T00:38:08.937+00:00,17329520839,15.9,18.2,success,
2026-01-13T00:38:10.815+00:00,17317789895,15.9,18.2,success,
2026-01-13T00:38:12.887+00:00,17301602503,15.9,18.2,success,
2026-01-13T00:38:14.616+00:00,17284792519,15.9,18.2,success,
2026-01-13T00:38:16.030+00:00,17265295559,15.9,18.2,success,
2026-01-13T00:38:17.561+00:00,17033003207,15.9,18.2,success,
2026-01-13T00:38:18.975+00:00,16994238663,15.9,18.2,success,
2026-01-13T00:38:20.983+00:00,16841605319,15.9,18.2,success,
2026-01-13T00:38:22.818+00:00,16821682375,15.9,18.2,success,
2026-01-13T00:38:24.446+00:00,16784130247,15.9,18.2,success,
2026-01-13T00:38:25.921+00:00,16781803719,15.9,18.2,success,
2026-01-13T00:38:27.932+00:00,16744644807,16.9,18.2,success,
2026-01-13T00:38:29.315+00:00,16659185863,15.9,18.2,success,
2026-01-13T00:38:31.207+00:00,16593813703,18.2,18.2,success,
2026-01-13T00:38:32.923+00:00,16530342087,16.9,18.2,success,
2026-01-13T00:38:34.299+00:00,16529359047,16.9,18.2,success,
2026-01-13T00:38:35.715+00:00,16425910471,15.9,18.2,success,
2026-01-13T00:38:37.250+00:00,16389505223,16.9,18.2,success,
2026-01-13T00:38:39.207+00:00,16388391111,16.9,18.2,success,
2026-01-13T00:38:40.847+00:00,16368238791,16.9,18.2,success,
2026-01-13T00:38:42.344+00:00,16364634311,18.2,18.2,success,
2026-01-13T00:38:43.781+00:00,16329146567,16.9,18.2,success,
2026-01-13T00:38:45.253+00:00,16154951879,15.9,18.2,success,
2026-01-13T00:38:46.736+00:00,16106324167,18.2,18.2,success,
2026-01-13T00:38:48.149+00:00,16100786375,18.2,18.2,success,
2026-01-13T00:38:50.104+00:00,16086237383,18.2,18.2,success,
2026-01-13T00:38:52.045+00:00,16017031367,18.2,18.2,success,
2026-01-13T00:39:03.929+00:00,5297668295,18.2,18.2,success,
2026-01-13T00:39:05.896+00:00,5278924999,15.9,18.2,success,
2026-01-13T00:39:07.750+00:00,4909957319,15.9,18.2,success,
2026-01-13T00:39:09.577+00:00,4870799559,15.9,18.2,success,
2026-01-13T00:39:11.307+00:00,4828070087,15.9,18.2,success,
2026-01-13T00:39:12.811+00:00,4827316423,15.9,18.2,success,
2026-01-13T00:39:14.603+00:00,4800807111,16.9,18.2,success,
2026-01-13T00:39:16.760+00:00,4731470023,16.9,18.2,success,
2026-01-13T00:39:18.342+00:00,4681433287,15.9,18.2,success,
2026-01-13T00:39:20.254+00:00,4668391623,15.9,18.2,success,
2026-01-13T00:39:22.063+00:00,4600365255,16.9,18.2,success,
2026-01-13T00:39:23.964+00:00,4596957383,15.9,18.2,success,
2026-01-13T00:39:25.455+00:00,4223533255,15.9,18.2,success,
2026-01-13T00:39:27.315+00:00,4138107079,15.9,18.2,success,
2026-01-13T00:39:29.613+00:00,4080992455,15.9,18.2,success,
2026-01-13T00:39:31.533+00:00,3971285191,16.9,18.2,success,
2026-01-13T00:39:33.907+00:00,3755507911,15.9,18.2,success,
2026-01-13T00:39:35.769+00:00,3698196679,15.9,18.2,success,
2026-01-13T00:39:37.557+00:00,3685777607,15.9,18.2,success,
2026-01-13T00:39:39.200+00:00,3657072839,15.9,18.2,success,
2026-01-13T00:39:40.960+00:00,3642425543,15.9,18.2,success,
2026-01-13T00:39:43.361+00:00,3518857415,15.9,18.2,success,
2026-01-13T00:39:45.354+00:00,3518595271,15.9,18.2,success,
2026-01-13T00:39:47.240+00:00,3484123335,15.9,18.2,success,
2026-01-13T00:39:49.094+00:00,3352068295,15.9,18.2,success,
2026-01-13T00:39:50.754+00:00,3293839559,15.9,18.2,success,
2026-01-13T00:39:52.498+00:00,3289972935,15.9,18.2,success,
2026-01-13T00:39:54.615+00:00,3035300039,15.9,18.2,success,
2026-01-13T00:39:56.076+00:00,2984935623,15.9,18.2,success,
2026-01-13T00:39:57.797+00:00,2927427783,15.9,18.2,success,
2026-01-13T00:44:25.689+00:00,21044920519,16.9,18.2,success,
2026-01-13T00:44:27.295+00:00,21000519879,16.9,18.2,success,
2026-01-13T00:44:29.323+00:00,20999241927,16.9,18.2,success,
2026-01-13T00:44:30.918+00:00,20978827463,16.9,18.2,success,
2026-01-13T00:44:32.675+00:00,20976238791,16.9,18.2,success,
2026-01-13T00:44:34.058+00:00,20961001671,18.2,18.2,success,
2026-01-13T00:44:36.012+00:00,20959068359,16.9,18.2,success,
2026-01-13T00:44:37.661+00:00,20945305799,16.9,18.2,success,
2026-01-13T00:44:39.666+00:00,20937867463,16.9,18.2,success,
2026-01-13T00:44:41.031+00:00,20906311879,16.9,18.2,success,
2026-01-13T00:44:42.567+00:00,20873609415,16.9,18.2,success,
2026-01-13T00:44:44.206+00:00,20857323719,16.9,18.2,success,
2026-01-13T00:44:45.876+00:00,20830519495,16.9,18.2,success,
2026-01-13T00:44:47.586+00:00,20787560647,15.9,18.2,success,
2026-01-13T00:44:49.161+00:00,20776255687,16.9,18.2,success,
2026-01-13T00:44:50.473+00:00,20755513543,16.9,18.2,success,
2026-01-13T00:44:51.883+00:00,20735099079,16.9,18.2,success,
2026-01-13T00:44:53.562+00:00,20692435143,16.9,18.2,success,
2026-01-13T00:44:55.250+00:00,20624539847,16.9,18.2,success,
2026-01-13T00:44:57.165+00:00,20587806919,16.9,18.2,success,
2026-01-13T00:44:58.770+00:00,20575912135,16.9,18.2,success,
2026-01-13T00:45:01.162+00:00,20570538183,16.9,18.2,success,
2026-01-13T00:45:03.012+00:00,20536623303,16.9,18.2,success,
2026-01-13T00:45:04.455+00:00,20529021127,16.9,18.2,success,
2026-01-13T00:45:06.017+00:00,20462960839,16.9,18.2,success,
2026-01-13T00:45:07.676+00:00,20398932167,18.2,18.2,success,
2026-01-13T00:45:09.343+00:00,20393722055,16.9,18.2,success,
2026-01-13T00:45:10.943+00:00,20389036231,16.9,18.2,success,
2026-01-13T00:45:12.576+00:00,20282704071,16.9,18.2,error,Failed to update subscription 20282704071: Only active and paused subscriptions can be edited
2026-01-13T00:45:12.846+00:00,20270481607,18.2,18.2,success,
2026-01-13T00:45:25.944+00:00,8841560263,18.2,18.2,success,
2026-01-13T00:45:27.690+00:00,8767340743,15.9,18.2,success,
2026-01-13T00:45:29.434+00:00,8543502535,15.9,18.2,success,
2026-01-13T00:45:31.491+00:00,8138162375,15.9,18.2,success,
2026-01-13T00:45:33.172+00:00,7870709959,15.9,18.2,success,
2026-01-13T00:45:34.793+00:00,7526187207,18.2,18.2,success,
2026-01-13T00:45:36.853+00:00,6983745735,15.9,18.2,success,
2026-01-13T00:45:38.561+00:00,6766198983,15.9,18.2,success,
2026-01-13T00:45:40.236+00:00,6747128007,15.9,18.2,success,
2026-01-13T00:45:41.693+00:00,5889097927,15.9,18.2,success,
2026-01-13T00:45:43.484+00:00,5694783687,16.9,18.2,success,
2026-01-13T00:45:45.293+00:00,5676105927,16.9,18.2,success,
2026-01-13T00:45:47.159+00:00,5570855111,15.9,18.2,success,
2026-01-13T00:45:49.318+00:00,5540675783,15.9,18.2,success,
2026-01-13T00:45:50.739+00:00,5449580743,15.9,18.2,success,
2026-01-13T00:45:52.953+00:00,5348425927,15.9,18.2,success,
2026-01-13T00:45:54.534+00:00,2903310535,15.9,18.2,success,
2026-01-13T00:45:56.406+00:00,2867036359,15.9,18.2,success,
2026-01-13T00:45:57.877+00:00,2851406023,18.2,18.2,success,
2026-01-13T00:45:59.598+00:00,2812838087,15.9,18.2,success,
2026-01-13T00:46:01.543+00:00,2728329415,15.9,18.2,success,
2026-01-13T00:46:03.087+00:00,2698838215,15.9,18.2,success,
2026-01-13T00:46:04.617+00:00,2689663175,15.9,18.2,success,
2026-01-13T00:46:06.994+00:00,2684027079,18.2,18.2,success,
2026-01-13T00:46:09.132+00:00,2590146759,15.9,18.2,success,
2026-01-13T00:46:10.967+00:00,2589950151,15.9,18.2,success,
2026-01-13T00:46:12.516+00:00,2551775431,16.9,18.2,success,
2026-01-13T00:46:14.102+00:00,2551578823,15.9,18.2,success,
2026-01-13T00:46:15.691+00:00,2543845575,18.2,18.2,success,
2026-01-13T00:46:17.111+00:00,2501542087,15.9,18.2,success,
2026-01-13T00:51:20.811+00:00,20282704071,16.9,18.2,error,Failed to update subscription 20282704071: Only active and paused subscriptions can be edited
2026-01-13T00:51:21.242+00:00,20222771399,16.9,18.2,success,
2026-01-13T00:51:22.664+00:00,20217036999,16.9,18.2,success,
2026-01-13T00:51:23.982+00:00,20207108295,16.9,18.2,success,
2026-01-13T00:51:26.122+00:00,20191707335,18.2,18.2,success,
2026-01-13T00:51:27.499+00:00,19970523335,16.9,18.2,error,Failed to update subscription 19970523335: Only active and paused subscriptions can be edited
2026-01-13T00:51:28.422+00:00,19834896583,18.2,18.2,success,
2026-01-13T00:51:30.345+00:00,19787350215,16.9,18.2,success,
2026-01-13T00:51:32.039+00:00,19757957319,16.9,18.2,success,
2026-01-13T00:51:33.552+00:00,19656671431,16.9,18.2,success,
2026-01-13T00:51:35.284+00:00,19597918407,16.9,18.2,success,
2026-01-13T00:51:36.652+00:00,19517735111,16.9,18.2,success,
2026-01-13T00:51:38.545+00:00,19453608135,16.9,18.2,success,
2026-01-13T00:51:39.892+00:00,19435749575,16.9,18.2,success,
2026-01-13T00:51:41.486+00:00,19430375623,18.2,18.2,success,
2026-01-13T00:51:43.144+00:00,19398033607,16.9,18.2,success,
2026-01-13T00:51:44.929+00:00,19230097607,15.9,18.2,success,
2026-01-13T00:51:46.391+00:00,19218890951,15.9,18.2,success,
2026-01-13T00:51:48.070+00:00,19181011143,15.9,18.2,success,
2026-01-13T00:51:49.785+00:00,19149914311,15.9,18.2,success,
2026-01-13T00:51:51.399+00:00,19137790151,15.9,18.2,success,
2026-01-13T00:51:53.346+00:00,19134808263,16.9,18.2,success,
2026-01-13T00:51:54.947+00:00,18966249671,15.9,18.2,success,
2026-01-13T00:51:56.352+00:00,18962907335,15.9,18.2,success,
2026-01-13T00:51:57.794+00:00,18945245383,15.9,18.2,success,
2026-01-13T00:51:59.230+00:00,18942001351,16.9,18.2,error,Failed to update subscription 18942001351: Only active and paused subscriptions can be edited
2026-01-13T00:51:59.498+00:00,18931253447,18.2,18.2,success,
2026-01-13T00:52:02.010+00:00,18917130439,18.2,18.2,success,
2026-01-13T00:52:04.085+00:00,18835013831,15.9,18.2,success,
2026-01-13T00:53:22.072+00:00,17536516295,15.9,18.2,success,
2026-01-13T00:53:23.490+00:00,17531863239,16.9,18.2,success,
2026-01-13T00:53:24.874+00:00,17493590215,15.9,18.2,success,
2026-01-13T00:53:26.297+00:00,15936127175,16.9,18.2,success,
2026-01-13T00:53:28.200+00:00,15929245895,15.9,18.2,success,
2026-01-13T00:53:29.631+00:00,15920332999,15.9,18.2,success,
2026-01-13T00:53:31.097+00:00,15918760135,15.9,18.2,success,
2026-01-13T00:53:32.593+00:00,15678832839,15.9,18.2,success,
2026-01-13T00:53:34.229+00:00,15413510343,16.9,18.2,success,
2026-01-13T00:53:35.651+00:00,15293055175,15.9,18.2,success,
2026-01-13T00:53:37.519+00:00,15199699143,15.9,18.2,success,
2026-01-13T00:53:39.258+00:00,14957609159,15.9,18.2,success,
2026-01-13T00:53:41.063+00:00,14927331527,15.9,18.2,success,
2026-01-13T00:53:42.796+00:00,14921498823,15.9,18.2,success,
2026-01-13T00:53:44.716+00:00,14911832263,18.2,18.2,success,
2026-01-13T00:53:46.885+00:00,14698348743,15.9,18.2,success,
2026-01-13T00:53:48.738+00:00,14427193543,15.9,18.2,success,
2026-01-13T00:53:50.290+00:00,14283538631,15.9,18.2,success,
2026-01-13T00:53:51.982+00:00,14192836807,15.9,18.2,success,
2026-01-13T00:53:53.302+00:00,13729530055,15.9,18.2,success,
2026-01-13T00:53:55.044+00:00,13729398983,15.9,18.2,success,
2026-01-13T00:53:57.169+00:00,13728678087,18.2,18.2,success,
2026-01-13T00:53:58.813+00:00,13697548487,15.9,18.2,success,
2026-01-13T00:54:00.345+00:00,13291749575,16.9,18.2,success,
2026-01-13T00:54:02.679+00:00,13241745607,16.9,18.2,success,
2026-01-13T00:54:04.423+00:00,13175423175,15.9,18.2,success,
2026-01-13T00:54:05.759+00:00,13141475527,16.9,18.2,success,
2026-01-13T00:54:07.571+00:00,12902924487,15.9,18.2,success,
2026-01-13T00:54:09.252+00:00,12734628039,16.9,18.2,success,
2026-01-13T00:54:10.979+00:00,12526289095,15.9,18.2,success,
2026-01-13T00:55:24.257+00:00,12245008583,16.9,18.2,success,
2026-01-13T00:55:25.755+00:00,12183994567,18.2,18.2,success,
2026-01-13T00:55:27.649+00:00,12144738503,15.9,18.2,success,
2026-01-13T00:55:29.699+00:00,12112298183,18.2,18.2,success,
2026-01-13T00:55:31.141+00:00,12080545991,16.9,18.2,success,
2026-01-13T00:55:32.991+00:00,11939840199,18.2,18.2,success,
2026-01-13T00:55:34.853+00:00,11920965831,16.9,18.2,success,
2026-01-13T00:55:36.800+00:00,11673370823,15.9,18.2,success,
2026-01-13T00:55:38.123+00:00,11655872711,15.9,18.2,success,
2026-01-13T00:55:39.493+00:00,11600756935,15.9,18.2,success,
2026-01-13T00:55:41.543+00:00,11553145031,15.9,18.2,success,
2026-01-13T00:55:43.223+00:00,10006134983,15.9,18.2,success,
2026-01-13T00:55:44.857+00:00,9873359047,15.9,18.2,success,
2026-01-13T00:55:46.631+00:00,9826468039,16.9,18.2,success,
2026-01-13T00:55:48.074+00:00,9709813959,15.9,18.2,success,
2026-01-13T00:55:49.504+00:00,9592406215,18.2,18.2,success,
2026-01-13T00:55:51.171+00:00,9503015111,18.2,18.2,success,
2026-01-13T00:55:52.699+00:00,9435775175,18.2,18.2,success,
2026-01-13T00:55:55.067+00:00,9417883847,15.9,18.2,success,
2026-01-13T00:55:57.198+00:00,9240084679,15.9,18.2,success,
2026-01-13T00:55:58.650+00:00,9227337927,15.9,18.2,success,
2026-01-13T00:56:00.505+00:00,9141092551,16.9,18.2,success,
2026-01-13T00:56:02.611+00:00,9097183431,15.9,18.2,success,
2026-01-13T00:56:04.474+00:00,8994291911,16.9,18.2,success,
2026-01-13T00:56:05.983+00:00,8970666183,15.9,18.2,success,
2026-01-13T00:56:07.485+00:00,8845361351,15.9,18.2,success,
2026-01-13T00:56:09.937+00:00,8844738759,15.9,18.2,success,
2026-01-13T01:04:53.386+00:00,22719234247,9.6,10.3,success,
2026-01-13T01:04:55.097+00:00,22665363655,9.6,10.3,success,
2026-01-13T01:04:56.767+00:00,22624239815,9.6,10.3,success,
2026-01-13T01:04:58.415+00:00,22602907847,10.3,10.3,success,
2026-01-13T01:04:59.991+00:00,22560374983,10.3,10.3,success,
2026-01-13T01:05:01.659+00:00,22451323079,10.3,10.3,success,
2026-01-13T01:05:03.703+00:00,22432710855,9.6,10.3,success,
2026-01-13T01:05:05.427+00:00,22171484359,9.6,10.3,success,
2026-01-13T01:05:07.141+00:00,22169583815,9.6,10.3,success,
2026-01-13T01:05:08.429+00:00,22150152391,9.6,10.3,success,
2026-01-13T01:05:10.366+00:00,22104342727,9.6,10.3,success,
2026-01-13T01:05:12.260+00:00,21965340871,9.6,10.3,success,
2026-01-13T01:05:14.264+00:00,21914845383,10.3,10.3,success,
2026-01-13T01:05:15.621+00:00,21844000967,9.6,10.3,success,
2026-01-13T01:05:17.454+00:00,21838758087,9.6,10.3,success,
2026-01-13T01:05:18.926+00:00,21814214855,9.6,10.3,success,
2026-01-13T01:05:20.497+00:00,21553807559,10.3,10.3,success,
2026-01-13T01:05:22.364+00:00,21526642887,9.6,10.3,success,
2026-01-13T01:05:24.054+00:00,21495283911,9.6,10.3,success,
2026-01-13T01:05:26.225+00:00,21492170951,9.6,10.3,success,
2026-01-13T01:05:28.193+00:00,21475721415,10.3,10.3,success,
2026-01-13T01:05:29.803+00:00,21434728647,9.6,10.3,success,
2026-01-13T01:05:31.570+00:00,21433024711,9.6,10.3,success,
2026-01-13T01:05:33.254+00:00,21360017607,9.6,10.3,success,
2026-01-13T01:05:34.662+00:00,21320073415,9.6,10.3,success,
2026-01-13T01:05:36.391+00:00,21271576775,9.6,10.3,success,
2026-01-13T01:05:37.737+00:00,21227536583,9.6,10.3,success,
2026-01-13T01:05:39.036+00:00,21221081287,10.3,10.3,success,
2026-01-13T01:05:40.687+00:00,21026865351,9.6,10.3,success,
2026-01-13T01:05:42.033+00:00,20992721095,9.6,10.3,success,
2026-01-13T01:06:44.106+00:00,20992688327,9.6,10.3,success,
2026-01-13T01:06:45.893+00:00,20985020615,9.6,10.3,success,
2026-01-13T01:06:47.608+00:00,20892614855,10.3,10.3,success,
2026-01-13T01:06:48.932+00:00,20824621255,9.6,10.3,success,
2026-01-13T01:06:50.573+00:00,20814725319,9.6,10.3,success,
2026-01-13T01:06:51.898+00:00,20808827079,9.6,10.3,success,
2026-01-13T01:06:53.304+00:00,20626014407,9.6,10.3,success,
2026-01-13T01:06:55.084+00:00,20570898631,9.6,10.3,success,
2026-01-13T01:06:57.030+00:00,20469547207,10.3,10.3,success,
2026-01-13T01:06:59.021+00:00,20394770631,10.3,10.3,success,
2026-01-13T01:07:00.985+00:00,20325269703,9.6,10.3,success,
2026-01-13T01:07:02.544+00:00,20222410951,9.6,10.3,success,
2026-01-13T01:07:03.982+00:00,20186136775,9.6,10.3,success,
2026-01-13T01:07:05.626+00:00,20155662535,10.3,10.3,success,
2026-01-13T01:07:07.074+00:00,20084555975,9.6,10.3,success,
2026-01-13T01:07:09.118+00:00,20062273735,9.6,10.3,success,
2026-01-13T01:15:01.697+00:00,19913769159,9.6,10.3,success,
2026-01-13T01:15:03.547+00:00,19910721735,9.6,10.3,success,
2026-01-13T01:15:05.294+00:00,19826114759,9.6,10.3,success,
2026-01-13T01:15:06.971+00:00,19810910407,9.6,10.3,success,
2026-01-13T01:15:09.002+00:00,19766476999,9.6,10.3,success,
2026-01-13T01:15:11.056+00:00,19647365319,9.6,10.3,success,
2026-01-13T01:15:12.459+00:00,19577012423,9.6,10.3,success,
2026-01-13T01:15:13.868+00:00,19566002375,9.6,10.3,success,
2026-01-13T01:15:15.656+00:00,19527073991,9.6,10.3,success,
2026-01-13T01:15:17.432+00:00,19518488775,10.3,10.3,success,
2026-01-13T01:15:18.805+00:00,19500794055,9.6,10.3,success,
2026-01-13T01:15:20.131+00:00,19444400327,9.6,10.3,success,
2026-01-13T01:15:21.532+00:00,19395772615,10.3,10.3,success,
2026-01-13T01:15:23.825+00:00,19243303111,9.6,10.3,success,
2026-01-13T01:15:26.003+00:00,19143000263,9.6,10.3,success,
2026-01-13T01:15:27.370+00:00,19135234247,9.6,10.3,success,
2026-01-13T01:15:29.050+00:00,19066552519,9.6,10.3,success,
2026-01-13T01:15:30.817+00:00,19048988871,9.6,10.3,success,
2026-01-13T01:15:32.535+00:00,19010126023,9.6,10.3,success,
2026-01-13T01:15:34.193+00:00,18993774791,10.3,10.3,success,
2026-01-13T01:15:35.845+00:00,18993217735,10.3,10.3,success,
2026-01-13T01:15:37.551+00:00,18964480199,9.6,10.3,success,
2026-01-13T01:15:39.290+00:00,18957533383,9.6,10.3,success,
2026-01-13T01:15:40.911+00:00,18746867911,9.6,10.3,success,
2026-01-13T01:15:42.260+00:00,18724028615,9.6,10.3,success,
2026-01-13T01:15:43.643+00:00,18723340487,9.6,10.3,success,
2026-01-13T01:15:45.330+00:00,17574428871,9.6,10.3,success,
2026-01-13T01:15:47.451+00:00,17571512519,9.6,10.3,success,
2026-01-13T01:15:49.148+00:00,17561157831,10.3,10.3,success,
2026-01-13T01:15:51.095+00:00,17536123079,9.6,10.3,success,
2026-01-13T01:16:53.082+00:00,17459118279,9.6,10.3,success,
2026-01-13T01:16:55.272+00:00,17345183943,9.6,10.3,success,
2026-01-13T01:16:56.918+00:00,17302978759,9.6,10.3,success,
2026-01-13T01:16:58.838+00:00,17064919239,9.6,10.3,success,
2026-01-13T01:17:00.392+00:00,16966254791,9.6,10.3,success,
2026-01-13T01:17:02.214+00:00,16854352071,9.6,10.3,success,
2026-01-13T01:17:04.064+00:00,16836526279,9.6,10.3,success,
2026-01-13T01:17:05.750+00:00,16836067527,9.6,10.3,success,
2026-01-13T01:17:07.428+00:00,16810115271,9.6,10.3,success,
2026-01-13T01:17:09.012+00:00,16785047751,9.6,10.3,success,
2026-01-13T01:17:10.932+00:00,16744480967,9.6,10.3,success,
2026-01-13T01:17:12.292+00:00,16588439751,9.6,10.3,success,
2026-01-13T01:17:14.135+00:00,16322724039,9.6,10.3,success,
2026-01-13T01:17:16.152+00:00,16046588103,9.6,10.3,success,
2026-01-13T01:17:17.796+00:00,15936946375,9.6,10.3,success,
2026-01-13T01:17:19.393+00:00,15796732103,9.6,10.3,success,
2026-01-13T01:17:21.262+00:00,15777726663,9.6,10.3,success,
2026-01-13T01:17:23.239+00:00,15751348423,9.6,10.3,success,
2026-01-13T01:17:24.964+00:00,15708192967,9.6,10.3,success,
2026-01-13T01:17:26.686+00:00,15698493639,9.6,10.3,success,
2026-01-13T01:17:28.471+00:00,15609692359,10.3,10.3,success,
2026-01-13T01:17:30.866+00:00,15528296647,9.6,10.3,success,
2026-01-13T01:17:32.929+00:00,15387951303,9.6,10.3,success,
2026-01-13T01:17:34.516+00:00,15369896135,9.6,10.3,success,
2026-01-13T01:17:36.245+00:00,15309013191,9.6,10.3,success,
2026-01-13T01:17:37.995+00:00,15231287495,9.6,10.3,success,
2026-01-13T01:17:39.390+00:00,15081767111,9.6,10.3,success,
2026-01-13T01:17:40.766+00:00,15034417351,9.6,10.3,success,
2026-01-13T01:17:42.198+00:00,14934147271,9.6,10.3,success,
2026-01-13T01:17:43.777+00:00,14517043399,9.6,10.3,success,
2026-01-13T01:18:45.485+00:00,13974929607,9.6,10.3,success,
2026-01-13T01:18:47.275+00:00,13713604807,9.6,10.3,success,
2026-01-13T01:18:49.117+00:00,12572229831,9.6,10.3,success,
2026-01-13T01:18:50.435+00:00,12223676615,9.6,10.3,success,
2026-01-13T01:18:51.846+00:00,12184518855,10.3,10.3,success,
2026-01-13T01:18:53.927+00:00,11700502727,9.6,10.3,success,
2026-01-13T01:18:55.314+00:00,11462017223,9.6,10.3,success,
2026-01-13T01:18:56.666+00:00,11403657415,9.6,10.3,success,
2026-01-13T01:18:58.095+00:00,11389567175,9.6,10.3,success,
2026-01-13T01:18:59.543+00:00,11332223175,10.3,10.3,success,
2026-01-13T01:19:01.070+00:00,9914122439,10.3,10.3,success,
2026-01-13T01:19:02.837+00:00,9857073351,9.6,10.3,success,
2026-01-13T01:19:04.252+00:00,9742057671,9.6,10.3,success,
2026-01-13T01:19:06.184+00:00,9640444103,9.6,10.3,success,
2026-01-13T01:19:07.925+00:00,9079357639,9.6,10.3,success,
2026-01-13T01:19:10.053+00:00,9033875655,9.6,10.3,success,
2026-01-13T01:19:11.855+00:00,8809676999,9.6,10.3,success,
2026-01-13T01:19:13.260+00:00,8796471495,9.6,10.3,success,
2026-01-13T01:19:14.745+00:00,8500216007,9.6,10.3,success,
2026-01-13T01:19:17.004+00:00,7837253831,9.6,10.3,success,
2026-01-13T01:19:18.655+00:00,7595688135,10.3,10.3,success,
2026-01-13T01:19:20.175+00:00,7574552775,9.6,10.3,success,
2026-01-13T01:19:21.897+00:00,7399866567,9.6,10.3,success,
2026-01-13T01:19:23.619+00:00,7206764743,9.6,10.3,success,
2026-01-13T01:19:25.712+00:00,6937673927,10.3,10.3,success,
2026-01-13T01:19:27.645+00:00,6817317063,9.6,10.3,success,
2026-01-13T01:19:29.325+00:00,6751453383,9.6,10.3,success,
2026-01-13T01:19:31.019+00:00,6268354759,9.6,10.3,success,
2026-01-13T01:19:32.865+00:00,5841027271,9.6,10.3,success,
2026-01-13T01:19:34.385+00:00,5702615239,9.6,10.3,success,
2026-01-13T01:20:36.252+00:00,5540217031,9.6,10.3,success,
2026-01-13T01:20:38.406+00:00,5478547655,10.3,10.3,success,
2026-01-13T01:20:40.200+00:00,5322932423,9.6,10.3,success,
2026-01-13T01:20:42.272+00:00,5231018183,9.6,10.3,success,
2026-01-13T01:20:44.422+00:00,5117444295,9.6,10.3,success,
2026-01-13T01:20:46.179+00:00,5020680391,9.6,10.3,success,
2026-01-13T01:20:48.383+00:00,4916248775,9.6,10.3,success,
2026-01-13T01:20:49.867+00:00,4667048135,9.6,10.3,success,
2026-01-13T01:20:51.632+00:00,4518510791,9.6,10.3,success,
2026-01-13T01:20:53.061+00:00,4497178823,9.6,10.3,success,
2026-01-13T01:20:54.843+00:00,4423647431,9.6,10.3,success,
2026-01-13T01:20:56.576+00:00,4377280711,9.6,10.3,success,
2026-01-13T01:20:58.551+00:00,3954147527,9.6,10.3,success,
2026-01-13T01:21:00.199+00:00,3847553223,9.6,10.3,success,
2026-01-13T01:21:01.808+00:00,3801153735,9.6,10.3,success,
2026-01-13T01:21:03.708+00:00,3699015879,9.6,10.3,success,
2026-01-13T01:21:05.220+00:00,3692298439,10.3,10.3,success,
2026-01-13T01:21:07.298+00:00,3614474439,9.6,10.3,success,
2026-01-13T01:21:08.784+00:00,3601137863,9.6,10.3,success,
2026-01-13T01:21:10.895+00:00,3481272519,9.6,10.3,success,
2026-01-13T01:21:12.668+00:00,3436380359,9.6,10.3,success,
2026-01-13T01:21:14.518+00:00,3433365703,9.6,10.3,success,
2026-01-13T01:21:16.347+00:00,3292594375,9.6,10.3,success,
2026-01-13T01:21:18.319+00:00,3284926663,9.6,10.3,success,
2026-01-13T01:21:20.399+00:00,3184427207,9.6,10.3,success,
2026-01-13T01:21:21.812+00:00,3180396743,9.6,10.3,success,
2026-01-13T01:21:23.914+00:00,3147366599,9.6,10.3,success,
2026-01-13T01:21:25.768+00:00,3123019975,9.6,10.3,success,
2026-01-13T01:21:27.151+00:00,3122856135,9.6,10.3,success,
2026-01-13T01:21:28.558+00:00,3076227271,10.3,10.3,success,
2026-01-13T01:22:29.976+00:00,3069608135,9.6,10.3,success,
2026-01-13T01:22:32.223+00:00,3052929223,9.6,10.3,success,
2026-01-13T01:22:34.030+00:00,3023732935,9.6,10.3,success,
2026-01-13T01:22:35.643+00:00,2990604487,9.6,10.3,success,
2026-01-13T01:22:36.972+00:00,2922283207,9.6,10.3,success,
2026-01-13T01:22:39.035+00:00,2885550279,9.6,10.3,success,
2026-01-13T01:22:41.195+00:00,2872049863,10.3,10.3,success,
2026-01-13T01:22:43.384+00:00,2768208071,9.6,10.3,success,
2026-01-13T01:22:45.242+00:00,2736750791,9.6,10.3,success,
2026-01-13T01:22:47.043+00:00,2713944263,9.6,10.3,success,
2026-01-13T01:22:48.724+00:00,2690810055,9.6,10.3,success,
2026-01-13T01:22:50.595+00:00,2607513799,10.3,10.3,success,
2026-01-13T01:22:52.106+00:00,2603286727,10.3,10.3,success,
2026-01-13T01:22:54.251+00:00,2591457479,9.6,10.3,success,
2026-01-13T01:22:56.044+00:00,2545516743,9.6,10.3,success,
2026-01-13T01:37:23.783+00:00,22059745479,9.6,10.3,success,
2026-01-13T01:37:25.224+00:00,21804679367,9.6,10.3,success,
2026-01-13T01:37:26.946+00:00,21624455367,9.6,10.3,success,
2026-01-13T01:37:28.268+00:00,21325119687,9.6,10.3,success,
2026-01-13T01:37:29.735+00:00,21002256583,9.6,10.3,success,
2026-01-13T01:37:31.141+00:00,20955594951,9.6,10.3,success,
2026-01-13T01:37:32.612+00:00,20908507335,9.6,10.3,success,
2026-01-13T01:37:33.960+00:00,20715307207,9.6,10.3,success,
2026-01-13T01:37:35.588+00:00,20703740103,9.6,10.3,success,
2026-01-13T01:37:36.933+00:00,20562444487,9.6,10.3,success,
2026-01-13T01:37:38.365+00:00,20524990663,9.6,10.3,success,
2026-01-13T01:37:39.699+00:00,20330479815,9.6,10.3,success,
2026-01-13T01:37:41.026+00:00,20297253063,9.6,10.3,success,
2026-01-13T01:37:42.347+00:00,20255899847,9.6,10.3,success,
2026-01-13T01:37:44.187+00:00,20083310791,9.6,10.3,success,
2026-01-13T01:37:46.049+00:00,19933135047,9.6,10.3,success,
2026-01-13T01:37:47.318+00:00,19824345287,9.6,10.3,success,
2026-01-13T01:37:48.605+00:00,19750224071,9.6,10.3,success,
2026-01-13T01:37:49.957+00:00,19651592391,9.6,10.3,success,
2026-01-13T01:37:51.334+00:00,19546374343,9.6,10.3,success,
2026-01-13T01:37:52.718+00:00,19429884103,9.6,10.3,success,
2026-01-13T01:37:54.124+00:00,19427557575,9.6,10.3,success,
2026-01-13T01:37:55.440+00:00,19420905671,9.6,10.3,success,
2026-01-13T01:37:56.740+00:00,19202441415,9.6,10.3,success,
2026-01-13T01:37:58.108+00:00,19134513351,9.6,10.3,success,
2026-01-13T01:37:59.592+00:00,19099713735,9.6,10.3,success,
2026-01-13T01:38:00.866+00:00,18980864199,9.6,10.3,success,
2026-01-13T01:38:02.191+00:00,18979979463,9.6,10.3,success,
2026-01-13T01:38:03.646+00:00,18939543751,9.6,10.3,success,
2026-01-13T01:38:04.968+00:00,18835374279,9.6,10.3,success,
2026-01-13T01:39:06.313+00:00,18828886215,9.6,10.3,success,
2026-01-13T01:39:07.683+00:00,18751029447,9.6,10.3,success,
2026-01-13T01:39:09.090+00:00,17723654343,9.6,10.3,success,
2026-01-13T01:39:10.565+00:00,17718378695,9.6,10.3,success,
2026-01-13T01:39:12.190+00:00,17717952711,9.6,10.3,success,
2026-01-13T01:39:13.544+00:00,17634820295,9.6,10.3,success,
2026-01-13T01:39:14.926+00:00,17499947207,9.6,10.3,success,
2026-01-13T01:39:16.475+00:00,17414521031,9.6,10.3,success,
2026-01-13T01:39:17.826+00:00,17406066887,9.6,10.3,success,
2026-01-13T01:39:19.435+00:00,17328767175,9.6,10.3,success,
2026-01-13T01:39:20.874+00:00,17301143751,9.6,10.3,success,
2026-01-13T01:39:22.391+00:00,17297604807,9.6,10.3,success,
2026-01-13T01:39:23.768+00:00,17266475207,9.6,10.3,success,
2026-01-13T01:39:25.255+00:00,17195466951,9.6,10.3,success,
2026-01-13T01:39:26.512+00:00,17175937223,9.6,10.3,success,
2026-01-13T01:39:27.923+00:00,17049845959,9.6,10.3,success,
2026-01-13T01:39:29.323+00:00,16863723719,9.6,10.3,success,
2026-01-13T01:39:30.824+00:00,16811753671,9.6,10.3,success,
2026-01-13T01:39:32.233+00:00,16648569031,9.6,10.3,success,
2026-01-13T01:39:33.634+00:00,16629858503,9.6,10.3,success,
2026-01-13T01:39:34.990+00:00,16619438279,9.6,10.3,success,
2026-01-13T01:39:36.363+00:00,16556490951,9.6,10.3,success,
2026-01-13T01:39:37.733+00:00,16519790791,9.6,10.3,success,
2026-01-13T01:39:39.072+00:00,16447799495,9.6,10.3,success,
2026-01-13T01:40:05.452+00:00,16423616711,9.6,10.3,success,
2026-01-13T01:40:06.792+00:00,16326459591,9.6,10.3,success,
2026-01-13T01:40:08.224+00:00,16285171911,9.6,10.3,success,
2026-01-13T01:40:09.672+00:00,16206233799,9.6,10.3,success,
2026-01-13T01:40:11.090+00:00,16141746375,9.6,10.3,success,
2026-01-13T01:40:12.710+00:00,16120643783,9.6,10.3,success,
2026-01-13T01:41:14.105+00:00,16079880391,9.6,10.3,success,
2026-01-13T01:41:15.608+00:00,16068149447,9.6,10.3,success,
2026-01-13T01:41:17.082+00:00,15946973383,9.6,10.3,success,
2026-01-13T01:41:18.558+00:00,15946154183,9.6,10.3,success,
2026-01-13T01:41:19.870+00:00,15937962183,9.6,10.3,success,
2026-01-13T01:41:21.337+00:00,15902998727,9.6,10.3,success,
2026-01-13T01:41:22.803+00:00,15865217223,9.6,10.3,success,
2026-01-13T01:41:24.217+00:00,15736438983,9.6,10.3,success,
2026-01-13T01:41:25.577+00:00,15720841415,9.6,10.3,success,
2026-01-13T01:41:27.026+00:00,15710027975,9.6,10.3,success,
2026-01-13T01:41:28.540+00:00,15574630599,9.6,10.3,success,
2026-01-13T01:41:29.954+00:00,15513223367,9.6,10.3,success,
2026-01-13T01:41:31.350+00:00,15344730311,9.6,10.3,success,
2026-01-13T01:41:32.855+00:00,15310880967,9.6,10.3,success,
2026-01-13T01:41:34.165+00:00,15305867463,9.6,10.3,success,
2026-01-13T01:41:35.735+00:00,15293481159,9.6,10.3,success,
2026-01-13T01:41:37.136+00:00,15168471239,9.6,10.3,success,
2026-01-13T01:41:38.678+00:00,15072329927,9.6,10.3,success,
2026-01-13T01:41:40.101+00:00,15027372231,9.6,10.3,success,
2026-01-13T01:41:41.473+00:00,14700347591,9.6,10.3,success,
2026-01-13T01:41:42.913+00:00,14396096711,9.6,10.3,success,
2026-01-13T01:41:44.364+00:00,14192672967,9.6,10.3,success,
2026-01-13T01:41:45.788+00:00,13995901127,9.6,10.3,success,
2026-01-13T01:41:47.165+00:00,13994328263,9.6,10.3,success,
2026-01-13T01:41:48.490+00:00,13981679815,9.6,10.3,success,
2026-01-13T01:41:49.951+00:00,13335167175,9.6,10.3,success,
2026-01-13T01:41:51.481+00:00,13309640903,9.6,10.3,success,
2026-01-13T01:41:52.901+00:00,13211107527,9.6,10.3,success,
2026-01-13T01:41:54.493+00:00,13171720391,9.6,10.3,success,
2026-01-13T01:41:55.906+00:00,13007454407,9.6,10.3,success,
2026-01-13T01:42:57.316+00:00,12940542151,9.6,10.3,success,
2026-01-13T01:42:58.983+00:00,12857671879,9.6,10.3,success,
2026-01-13T01:43:00.408+00:00,12736528583,9.6,10.3,success,
2026-01-13T01:43:01.907+00:00,12714442951,9.6,10.3,success,
2026-01-13T01:43:03.505+00:00,12708446407,9.6,10.3,success,
2026-01-13T01:43:04.957+00:00,12539855047,9.6,10.3,success,
2026-01-13T01:43:06.272+00:00,12528353479,9.6,10.3,success,
2026-01-13T01:43:07.647+00:00,12191563975,9.6,10.3,success,
2026-01-13T01:43:09.067+00:00,12171903175,9.6,10.3,success,
2026-01-13T01:43:10.567+00:00,12139462855,9.6,10.3,success,
2026-01-13T01:43:11.860+00:00,12018352327,9.6,10.3,success,
2026-01-13T01:43:13.288+00:00,12012880071,9.6,10.3,success,
2026-01-13T01:43:14.716+00:00,11988762823,9.6,10.3,success,
2026-01-13T01:43:16.293+00:00,11894227143,9.6,10.3,success,
2026-01-13T01:43:17.598+00:00,11833409735,9.6,10.3,success,
2026-01-13T01:43:18.966+00:00,11787993287,9.6,10.3,success,
2026-01-13T01:43:20.352+00:00,11717181639,9.6,10.3,success,
2026-01-13T01:43:21.836+00:00,11707384007,9.6,10.3,success,
2026-01-13T01:43:23.236+00:00,11703484615,9.6,10.3,success,
2026-01-13T01:43:24.877+00:00,11508449479,9.6,10.3,success,
2026-01-13T01:43:26.245+00:00,11503927495,9.6,10.3,success,
2026-01-13T01:43:27.635+00:00,11496194247,9.6,10.3,success,
2026-01-13T01:43:29.086+00:00,11427676359,9.6,10.3,success,
2026-01-13T01:43:30.430+00:00,10057679047,9.6,10.3,success,
2026-01-13T01:43:31.897+00:00,9939910855,9.6,10.3,success,
2026-01-13T01:43:33.293+00:00,9873883335,9.6,10.3,success,
2026-01-13T01:43:34.570+00:00,9838919879,9.6,10.3,success,
2026-01-13T01:43:36.004+00:00,9774072007,9.6,10.3,success,
2026-01-13T01:43:37.348+00:00,9626845383,9.6,10.3,success,
2026-01-13T01:43:38.720+00:00,9571074247,9.6,10.3,success,
2026-01-13T01:44:40.510+00:00,9470443719,9.6,10.3,success,
2026-01-13T01:44:42.000+00:00,9413787847,9.6,10.3,success,
2026-01-13T01:44:43.658+00:00,9391079623,9.6,10.3,success,
2026-01-13T01:44:45.149+00:00,9310372039,9.6,10.3,success,
2026-01-13T01:44:46.588+00:00,9227862215,9.6,10.3,success,
2026-01-13T01:44:47.974+00:00,9113632967,9.6,10.3,success,
2026-01-13T01:44:49.418+00:00,9072738503,9.6,10.3,success,
2026-01-13T01:44:50.999+00:00,9071132871,9.6,10.3,success,
2026-01-13T01:44:52.840+00:00,9062187207,9.6,10.3,success,
2026-01-13T01:44:54.282+00:00,9011069127,9.6,10.3,success,
2026-01-13T01:44:55.700+00:00,9004286151,9.6,10.3,success,
2026-01-13T01:44:57.230+00:00,8984527047,9.6,10.3,success,
2026-01-13T01:44:58.619+00:00,8983511239,9.6,10.3,success,
2026-01-13T01:45:00.138+00:00,8960180423,9.6,10.3,success,
2026-01-13T01:45:02.510+00:00,8950087879,9.6,10.3,success,
2026-01-13T01:45:04.146+00:00,8938979527,9.6,10.3,success,
2026-01-13T01:45:05.619+00:00,8904409287,9.6,10.3,success,
2026-01-13T01:45:07.263+00:00,8892022983,9.6,10.3,success,
2026-01-13T01:45:08.572+00:00,8887271623,9.6,10.3,success,
2026-01-13T01:45:10.391+00:00,8859877575,9.6,10.3,success,
2026-01-13T01:45:11.934+00:00,8750301383,9.6,10.3,success,
2026-01-13T01:45:13.417+00:00,8719728839,9.6,10.3,success,
2026-01-13T01:45:14.940+00:00,8691777735,9.6,10.3,success,
2026-01-13T01:45:16.410+00:00,8683618503,9.6,10.3,success,
2026-01-13T01:45:17.946+00:00,8653439175,9.6,10.3,success,
2026-01-13T01:45:19.436+00:00,8635351239,9.6,10.3,success,
2026-01-13T01:45:20.919+00:00,8544682183,9.6,10.3,success,
2026-01-13T01:45:22.193+00:00,8538652871,9.6,10.3,success,
2026-01-13T01:45:23.736+00:00,8511979719,9.6,10.3,success,
2026-01-13T01:45:25.124+00:00,8493203655,9.6,10.3,success,
2026-01-13T01:46:26.533+00:00,8487698631,9.6,10.3,success,
2026-01-13T01:46:28.040+00:00,8384676039,9.6,10.3,success,
2026-01-13T01:46:29.675+00:00,8333361351,9.6,10.3,success,
2026-01-13T01:46:31.163+00:00,8167719111,9.6,10.3,success,
2026-01-13T01:46:32.596+00:00,8135573703,9.6,10.3,success,
2026-01-13T01:46:34.166+00:00,7981367495,9.6,10.3,success,
2026-01-13T01:46:35.606+00:00,7959838919,9.6,10.3,success,
2026-01-13T01:46:36.929+00:00,7867105479,9.6,10.3,success,
2026-01-13T01:46:38.382+00:00,7698809031,9.6,10.3,success,
2026-01-13T01:46:39.873+00:00,7632879815,9.6,10.3,success,
2026-01-13T01:46:41.405+00:00,7585759431,9.6,10.3,success,
2026-01-13T01:46:42.726+00:00,7501840583,9.6,10.3,success,
2026-01-13T01:46:44.206+00:00,7438958791,9.6,10.3,success,
2026-01-13T01:46:45.694+00:00,7373750471,9.6,10.3,success,
2026-01-13T01:46:47.052+00:00,7341998279,9.6,10.3,success,
2026-01-13T01:46:48.458+00:00,7335641287,9.6,10.3,success,
2026-01-13T01:46:49.781+00:00,7304904903,9.6,10.3,success,
2026-01-13T01:46:51.064+00:00,7287701703,9.6,10.3,success,
2026-01-13T01:46:52.501+00:00,7277871303,9.6,10.3,success,
2026-01-13T01:46:54.087+00:00,7277347015,9.6,10.3,success,
2026-01-13T01:46:55.468+00:00,7243169991,9.6,10.3,success,
2026-01-13T01:46:56.768+00:00,7243137223,9.6,10.3,success,
2026-01-13T01:46:58.122+00:00,7215612103,9.6,10.3,success,
2026-01-13T01:46:59.517+00:00,7160463559,9.6,10.3,success,
2026-01-13T01:47:01.054+00:00,7150043335,9.6,10.3,success,
2026-01-13T01:47:02.522+00:00,7121633479,9.6,10.3,success,
2026-01-13T01:47:04.086+00:00,7075201223,9.6,10.3,success,
2026-01-13T01:47:05.610+00:00,7044956359,9.6,10.3,success,
2026-01-13T01:47:07.094+00:00,7016513735,9.6,10.3,success,
2026-01-13T01:47:08.631+00:00,6991708359,9.6,10.3,success,
2026-01-13T01:48:10.244+00:00,6984466631,9.6,10.3,success,
2026-01-13T01:48:11.769+00:00,6982664391,9.6,10.3,success,
2026-01-13T01:48:13.348+00:00,6981058759,9.6,10.3,success,
2026-01-13T01:48:14.835+00:00,6940000455,9.6,10.3,success,
2026-01-13T01:48:16.278+00:00,6905168071,9.6,10.3,success,
2026-01-13T01:48:17.688+00:00,6828327111,9.6,10.3,success,
2026-01-13T01:48:19.037+00:00,6814105799,9.6,10.3,success,
2026-01-13T01:48:20.480+00:00,6771179719,9.6,10.3,success,
2026-01-13T01:48:21.857+00:00,6683951303,9.6,10.3,success,
2026-01-13T01:48:23.326+00:00,6679462087,9.6,10.3,success,
2026-01-13T01:48:24.778+00:00,6669271239,9.6,10.3,success,
2026-01-13T01:48:26.332+00:00,6651609287,9.6,10.3,success,
2026-01-13T01:48:27.760+00:00,6641778887,9.6,10.3,success,
2026-01-13T01:48:29.380+00:00,6571458759,9.6,10.3,success,
2026-01-13T01:48:30.735+00:00,6266421447,9.6,10.3,success,
2026-01-13T01:48:32.232+00:00,6258229447,9.6,10.3,success,
2026-01-13T01:48:33.717+00:00,6218973383,9.6,10.3,success,
2026-01-13T01:48:35.105+00:00,6194004167,9.6,10.3,success,
2026-01-13T01:48:36.646+00:00,6191612103,9.6,10.3,success,
2026-01-13T01:48:38.087+00:00,6141739207,9.6,10.3,success,
2026-01-13T01:48:39.386+00:00,6070632647,9.6,10.3,success,
2026-01-13T01:48:40.858+00:00,6041141447,9.6,10.3,success,
2026-01-13T01:48:42.283+00:00,6020825287,9.6,10.3,success,
2026-01-13T01:48:43.591+00:00,6010077383,9.6,10.3,success,
2026-01-13T01:48:44.982+00:00,6009553095,9.6,10.3,success,
2026-01-13T01:48:47.070+00:00,6006800583,9.6,10.3,success,
2026-01-13T01:48:48.403+00:00,5998543047,9.6,10.3,success,
2026-01-13T01:48:49.960+00:00,5996085447,9.6,10.3,success,
2026-01-13T01:48:51.320+00:00,5989171399,9.6,10.3,success,
2026-01-13T01:48:52.756+00:00,5988974791,9.6,10.3,success,
2026-01-13T01:49:54.197+00:00,5950341319,9.6,10.3,success,
2026-01-13T01:49:55.930+00:00,5940969671,9.6,10.3,success,
2026-01-13T01:49:57.296+00:00,5913608391,9.6,10.3,success,
2026-01-13T01:49:58.763+00:00,5871108295,9.6,10.3,success,
2026-01-13T01:50:00.424+00:00,5802262727,9.6,10.3,success,
2026-01-13T01:50:02.091+00:00,5799051463,9.6,10.3,success,
2026-01-13T01:50:03.578+00:00,5699993799,9.6,10.3,success,
2026-01-13T01:50:05.124+00:00,5679120583,9.6,10.3,success,
2026-01-13T01:50:06.805+00:00,5676040391,9.6,10.3,success,
2026-01-13T01:50:08.326+00:00,5668896967,9.6,10.3,success,
2026-01-13T01:50:09.898+00:00,5632196807,9.6,10.3,success,
2026-01-13T01:50:11.389+00:00,5624398023,9.6,10.3,success,
2026-01-13T01:50:12.847+00:00,5624004807,9.6,10.3,success,
2026-01-13T01:50:14.198+00:00,5623972039,9.6,10.3,success,
2026-01-13T01:50:15.675+00:00,5617975495,9.6,10.3,success,
2026-01-13T01:50:17.270+00:00,5577801927,9.6,10.3,success,
2026-01-13T01:50:19.081+00:00,5574000839,9.6,10.3,success,
2026-01-13T01:50:20.611+00:00,5565972679,9.6,10.3,success,
2026-01-13T01:50:22.062+00:00,5564727495,9.6,10.3,success,
2026-01-13T01:50:23.501+00:00,5555159239,9.6,10.3,success,
2026-01-13T01:50:24.968+00:00,5524619463,9.6,10.3,success,
2026-01-13T01:50:26.478+00:00,5490835655,9.6,10.3,success,
2026-01-13T01:50:27.834+00:00,5481693383,9.6,10.3,success,
2026-01-13T01:50:29.537+00:00,5478809799,9.6,10.3,success,
2026-01-13T01:50:30.977+00:00,5446107335,9.6,10.3,success,
2026-01-13T01:50:32.438+00:00,5446074567,9.6,10.3,success,
2026-01-13T01:50:33.817+00:00,5414748359,9.6,10.3,success,
2026-01-13T01:50:35.175+00:00,5348688071,9.6,10.3,success,
2026-01-13T01:50:36.504+00:00,5334892743,9.6,10.3,success,
2026-01-13T01:50:37.883+00:00,5330895047,9.6,10.3,success,
2026-01-13T01:51:39.488+00:00,5320769735,9.6,10.3,success,
2026-01-13T01:51:41.134+00:00,5317460167,9.6,10.3,success,
2026-01-13T01:51:42.659+00:00,5313953991,9.6,10.3,success,
2026-01-13T01:51:44.149+00:00,5296685255,9.6,10.3,success,
2026-01-13T01:51:45.660+00:00,5288493255,9.6,10.3,success,
2026-01-13T01:51:47.202+00:00,5275222215,9.6,10.3,success,
2026-01-13T01:51:48.603+00:00,5247795399,9.6,10.3,success,
2026-01-13T01:51:50.055+00:00,5122031815,9.6,10.3,success,
2026-01-13T01:51:51.587+00:00,5118755015,9.6,10.3,success,
2026-01-13T01:51:53.099+00:00,5105385671,9.6,10.3,success,
2026-01-13T01:51:54.714+00:00,5095293127,9.6,10.3,success,
2026-01-13T01:51:56.089+00:00,5068914887,9.6,10.3,success,
2026-01-13T01:51:57.530+00:00,5067571399,9.6,10.3,success,
2026-01-13T01:51:59.023+00:00,5063540935,9.6,10.3,success,
2026-01-13T01:52:00.499+00:00,5048697031,9.6,10.3,success,
2026-01-13T01:52:02.078+00:00,5017862343,9.6,10.3,success,
2026-01-13T01:52:03.581+00:00,4998463687,9.6,10.3,success,
2026-01-13T01:52:05.099+00:00,4966613191,9.6,10.3,success,
2026-01-13T01:52:06.954+00:00,4909662407,9.6,10.3,success,
2026-01-13T01:52:08.317+00:00,4900454599,9.6,10.3,success,
2026-01-13T01:52:09.760+00:00,4879188167,9.6,10.3,success,
2026-01-13T01:52:11.320+00:00,4868014279,9.6,10.3,success,
2026-01-13T01:52:12.689+00:00,4866015431,9.6,10.3,success,
2026-01-13T01:52:14.358+00:00,4864180423,9.6,10.3,success,
2026-01-13T01:52:15.835+00:00,4801102023,9.6,10.3,success,
2026-01-13T01:52:17.251+00:00,4769972423,9.6,10.3,success,
2026-01-13T01:52:18.823+00:00,4710269127,9.6,10.3,success,
2026-01-13T01:52:20.313+00:00,4667211975,9.6,10.3,success,
2026-01-13T01:52:21.783+00:00,4644274375,9.6,10.3,success,
2026-01-13T01:52:23.224+00:00,4638933191,9.6,10.3,success,
2026-01-13T01:53:24.691+00:00,4615176391,9.6,10.3,success,
2026-01-13T01:53:26.748+00:00,4609802439,9.6,10.3,success,
2026-01-13T01:53:28.187+00:00,4574445767,9.6,10.3,success,
2026-01-13T01:53:29.502+00:00,4559896775,9.6,10.3,success,
2026-01-13T01:53:31.137+00:00,4526047431,9.6,10.3,success,
2026-01-13T01:53:32.553+00:00,4517953735,9.6,10.3,success,
2026-01-13T01:53:33.848+00:00,4517265607,9.6,10.3,success,
2026-01-13T01:53:35.229+00:00,4510744775,9.6,10.3,success,
2026-01-13T01:53:36.663+00:00,4482629831,9.6,10.3,success,
2026-01-13T01:53:38.147+00:00,4429545671,9.6,10.3,success,
2026-01-13T01:53:39.817+00:00,4408836295,9.6,10.3,success,
2026-01-13T01:53:41.430+00:00,4399890631,9.6,10.3,success,
2026-01-13T01:53:42.806+00:00,4348575943,9.6,10.3,success,
2026-01-13T01:53:44.343+00:00,4309254343,9.6,10.3,success,
2026-01-13T01:53:45.696+00:00,4289626311,9.6,10.3,success,
2026-01-13T01:53:47.210+00:00,4189290695,9.6,10.3,success,
2026-01-13T01:53:48.538+00:00,4134928583,9.6,10.3,success,
2026-01-13T01:53:49.973+00:00,4115693767,9.6,10.3,success,
2026-01-13T01:53:51.580+00:00,4083253447,9.6,10.3,success,
2026-01-13T01:53:53.560+00:00,4077551815,9.6,10.3,success,
2026-01-13T01:53:55.151+00:00,4051042503,9.6,10.3,success,
2026-01-13T01:53:56.587+00:00,3970007239,9.6,10.3,success,
2026-01-13T01:53:58.069+00:00,3933143239,9.6,10.3,success,
2026-01-13T01:53:59.642+00:00,3907813575,9.6,10.3,success,
2026-01-13T01:54:01.183+00:00,3903193287,9.6,10.3,success,
2026-01-13T01:54:02.795+00:00,3885924551,9.6,10.3,success,
2026-01-13T01:54:04.463+00:00,3859611847,9.6,10.3,success,
2026-01-13T01:54:05.893+00:00,3845062855,9.6,10.3,success,
2026-01-13T01:54:07.736+00:00,3835887815,9.6,10.3,success,
2026-01-13T01:54:09.254+00:00,3831005383,9.6,10.3,success,
2026-01-13T01:55:10.673+00:00,3822944455,9.6,10.3,success,
2026-01-13T01:55:12.266+00:00,3792699591,9.6,10.3,success,
2026-01-13T01:55:13.699+00:00,3773890759,9.6,10.3,success,
2026-01-13T01:55:15.220+00:00,3764617415,9.6,10.3,success,
2026-01-13T01:55:16.657+00:00,3762749639,9.6,10.3,success,
2026-01-13T01:55:18.247+00:00,3754229959,9.6,10.3,success,
2026-01-13T01:55:19.705+00:00,3714842823,9.6,10.3,success,
2026-01-13T01:55:21.093+00:00,3706421447,9.6,10.3,success,
2026-01-13T01:55:22.496+00:00,3705503943,9.6,10.3,success,
2026-01-13T01:55:24.069+00:00,3679256775,9.6,10.3,success,
2026-01-13T01:55:25.492+00:00,3615948999,9.6,10.3,success,
2026-01-13T01:55:27.068+00:00,3573874887,9.6,10.3,success,
2026-01-13T01:55:28.579+00:00,3476586695,9.6,10.3,success,
2026-01-13T01:55:29.893+00:00,3464331463,9.6,10.3,success,
2026-01-13T01:55:31.539+00:00,3448045767,9.6,10.3,success,
2026-01-13T01:55:32.991+00:00,3447587015,9.6,10.3,success,
2026-01-13T01:55:34.602+00:00,3373007047,9.6,10.3,success,
2026-01-13T01:55:36.080+00:00,3296690375,9.6,10.3,success,
2026-01-13T01:55:37.446+00:00,3293053127,9.6,10.3,success,
2026-01-13T01:55:38.824+00:00,3292659911,9.6,10.3,success,
2026-01-13T01:55:40.105+00:00,3292299463,9.6,10.3,success,
2026-01-13T01:55:41.655+00:00,3290759367,9.6,10.3,success,
2026-01-13T01:55:42.947+00:00,3277357255,9.6,10.3,success,
2026-01-13T01:55:44.363+00:00,3275882695,9.6,10.3,success,
2026-01-13T01:55:45.748+00:00,3269329095,9.6,10.3,success,
2026-01-13T01:55:47.197+00:00,3185148103,9.6,10.3,success,
2026-01-13T01:55:48.598+00:00,3179282631,9.6,10.3,success,
2026-01-13T01:55:50.003+00:00,3175645383,9.6,10.3,success,
2026-01-13T01:55:51.554+00:00,3170369735,9.6,10.3,success,
2026-01-13T01:55:53.160+00:00,3152806087,9.6,10.3,success,
2026-01-13T01:56:54.645+00:00,3149824199,9.6,10.3,success,
2026-01-13T01:56:56.278+00:00,3123413191,9.6,10.3,success,
2026-01-13T01:56:57.696+00:00,3120332999,9.6,10.3,success,
2026-01-13T01:56:59.262+00:00,3095789767,9.6,10.3,success,
2026-01-13T01:57:00.843+00:00,3092316359,9.6,10.3,success,
2026-01-13T01:57:02.451+00:00,3090940103,9.6,10.3,success,
2026-01-13T01:57:03.971+00:00,3085500615,9.6,10.3,success,
2026-01-13T01:57:05.539+00:00,3075408071,9.6,10.3,success,
2026-01-13T01:57:06.955+00:00,3063185607,9.6,10.3,success,
2026-01-13T01:57:08.529+00:00,3054010567,9.6,10.3,success,
2026-01-13T01:57:09.825+00:00,3040313543,9.6,10.3,success,
2026-01-13T01:57:11.146+00:00,3017605319,9.6,10.3,success,
2026-01-13T01:57:12.881+00:00,2991489223,9.6,10.3,success,
2026-01-13T01:57:14.274+00:00,2988867783,9.6,10.3,success,
2026-01-13T01:57:15.666+00:00,2983329991,9.6,10.3,success,
2026-01-13T01:57:17.084+00:00,2978644167,9.6,10.3,success,
2026-01-13T01:57:18.556+00:00,2972483783,9.6,10.3,success,
2026-01-13T01:57:19.953+00:00,2968551623,9.6,10.3,success,
2026-01-13T01:57:21.380+00:00,2967437511,9.6,10.3,success,
2026-01-13T01:57:22.808+00:00,2962030791,9.6,10.3,success,
2026-01-13T01:57:24.085+00:00,2949152967,9.6,10.3,success,
2026-01-13T01:57:25.544+00:00,2944958663,9.6,10.3,success,
2026-01-13T01:57:26.931+00:00,2944696519,9.6,10.3,success,
2026-01-13T01:57:28.381+00:00,2941452487,9.6,10.3,success,
2026-01-13T01:57:29.859+00:00,2928836807,9.6,10.3,success,
2026-01-13T01:57:31.223+00:00,2923167943,9.6,10.3,success,
2026-01-13T01:57:32.858+00:00,2917630151,9.6,10.3,success,
2026-01-13T01:57:34.336+00:00,2915139783,9.6,10.3,success,
2026-01-13T01:57:35.618+00:00,2907766983,9.6,10.3,success,
2026-01-13T01:57:37.094+00:00,2901868743,9.6,10.3,success,
2026-01-13T01:58:38.541+00:00,2892169415,9.6,10.3,success,
2026-01-13T01:58:40.046+00:00,2887483591,9.6,10.3,success,
2026-01-13T01:58:41.351+00:00,2887221447,9.6,10.3,success,
2026-01-13T01:58:42.891+00:00,2887254215,9.6,10.3,success,
2026-01-13T01:58:44.358+00:00,2875293895,9.6,10.3,success,
2026-01-13T01:58:45.901+00:00,2869166279,9.6,10.3,success,
2026-01-13T01:58:47.219+00:00,2855633095,9.6,10.3,success,
2026-01-13T01:58:48.984+00:00,2852815047,9.6,10.3,success,
2026-01-13T01:58:50.693+00:00,2850619591,9.6,10.3,success,
2026-01-13T01:58:52.273+00:00,2849833159,9.6,10.3,success,
2026-01-13T01:58:53.676+00:00,2845835463,9.6,10.3,success,
2026-01-13T01:58:55.262+00:00,2844885191,9.6,10.3,success,
2026-01-13T01:58:56.759+00:00,2839773383,9.6,10.3,success,
2026-01-13T01:58:58.123+00:00,2838102215,9.6,10.3,success,
2026-01-13T01:58:59.453+00:00,2835972295,9.6,10.3,success,
2026-01-13T01:59:00.945+00:00,2822734023,9.6,10.3,success,
2026-01-13T01:59:02.484+00:00,2822668487,9.6,10.3,success,
2026-01-13T01:59:03.924+00:00,2816508103,9.6,10.3,success,
2026-01-13T01:59:05.485+00:00,2815525063,9.6,10.3,success,
2026-01-13T01:59:07.031+00:00,2811265223,9.6,10.3,success,
2026-01-13T01:59:08.432+00:00,2808807623,9.6,10.3,success,
2026-01-13T01:59:09.736+00:00,2808611015,9.6,10.3,success,
2026-01-13T01:59:11.180+00:00,2802942151,9.6,10.3,success,
2026-01-13T01:59:12.773+00:00,2800550087,9.6,10.3,success,
2026-01-13T01:59:14.447+00:00,2785214663,9.6,10.3,success,
2026-01-13T01:59:16.208+00:00,2781937863,9.6,10.3,success,
2026-01-13T01:59:17.625+00:00,2765881543,9.6,10.3,success,
2026-01-13T01:59:18.954+00:00,2763030727,9.6,10.3,success,
2026-01-13T01:59:20.227+00:00,2755952839,9.6,10.3,success,
2026-01-13T01:59:21.833+00:00,2740158663,9.6,10.3,success,
2026-01-13T02:00:23.268+00:00,2731638983,9.6,10.3,success,
2026-01-13T02:00:24.739+00:00,2728427719,9.6,10.3,success,
2026-01-13T02:00:26.263+00:00,2713845959,9.6,10.3,success,
2026-01-13T02:00:27.668+00:00,2706964679,9.6,10.3,success,
2026-01-13T02:00:29.133+00:00,2700869831,9.6,10.3,success,
2026-01-13T02:00:30.782+00:00,2699526343,9.6,10.3,success,
2026-01-13T02:00:32.438+00:00,2695987399,9.6,10.3,success,
2026-01-13T02:00:34.353+00:00,2692251847,9.6,10.3,success,
2026-01-13T02:00:35.845+00:00,2680291527,9.6,10.3,success,
2026-01-13T02:00:37.302+00:00,2679701703,9.6,10.3,success,
2026-01-13T02:00:38.989+00:00,2672492743,9.6,10.3,success,
2026-01-13T02:00:41.043+00:00,2632777927,9.6,10.3,success,
2026-01-13T02:00:42.349+00:00,2626945223,9.6,10.3,success,
2026-01-13T02:00:43.719+00:00,2620784839,9.6,10.3,success,
2026-01-13T02:00:45.314+00:00,2616066247,9.6,10.3,success,
2026-01-13T02:00:46.766+00:00,2604236999,9.6,10.3,success,
2026-01-13T02:00:48.206+00:00,2604105927,9.6,10.3,success,
2026-01-13T02:00:49.756+00:00,2602565831,9.6,10.3,success,
2026-01-13T02:00:51.134+00:00,2601025735,9.6,10.3,success,
2026-01-13T02:00:52.478+00:00,2592243911,9.6,10.3,success,
2026-01-13T02:00:53.810+00:00,2590965959,9.6,10.3,success,
2026-01-13T02:00:55.223+00:00,2589884615,9.6,10.3,success,
2026-01-13T02:00:56.690+00:00,2588573895,9.6,10.3,success,
2026-01-13T02:00:58.088+00:00,2586706119,9.6,10.3,success,
2026-01-13T02:00:59.432+00:00,2565537991,9.6,10.3,success,
2026-01-13T02:01:01.204+00:00,2556100807,9.6,10.3,success,
2026-01-13T02:01:02.748+00:00,2555281607,9.6,10.3,success,
2026-01-13T02:01:04.251+00:00,2549579975,9.6,10.3,success,
2026-01-13T02:01:05.946+00:00,2547712199,9.6,10.3,success,
2026-01-13T02:01:07.403+00:00,2547089607,9.6,10.3,success,
2026-01-13T02:02:08.795+00:00,2546761927,9.6,10.3,success,
2026-01-13T02:02:10.413+00:00,2545778887,9.6,10.3,success,
2026-01-13T02:02:11.831+00:00,2545156295,9.6,10.3,success,
2026-01-13T02:02:13.494+00:00,2544271559,9.6,10.3,success,
2026-01-13T02:02:14.917+00:00,2542436551,9.6,10.3,success,
2026-01-13T02:02:16.441+00:00,2537193671,9.6,10.3,success,
2026-01-13T02:02:17.959+00:00,2536800455,9.6,10.3,success,
2026-01-13T02:02:19.311+00:00,2528182471,9.6,10.3,success,
2026-01-13T02:02:20.823+00:00,2527625415,9.6,10.3,success,
2026-01-13T02:02:22.536+00:00,2527002823,9.6,10.3,success,
2026-01-13T02:02:24.091+00:00,2498461895,9.6,10.3,success,
2026-01-13T02:02:25.622+00:00,2461073607,9.6,10.3,success,
2026-01-13T02:05:22.698+00:00,21836398791,16.9,18.2,success,
2026-01-13T02:05:24.732+00:00,21759819975,16.9,18.2,success,
2026-01-13T02:05:26.272+00:00,21557543111,16.9,18.2,success,
2026-01-13T02:05:27.598+00:00,21517271239,16.9,18.2,success,
2026-01-13T02:05:29.672+00:00,21424898247,16.9,18.2,success,
2026-01-13T02:05:31.391+00:00,21368766663,16.9,18.2,success,
2026-01-13T02:05:33.139+00:00,21351760071,16.9,18.2,success,
2026-01-13T02:05:34.472+00:00,21346975943,16.9,18.2,success,
2026-01-13T02:05:35.980+00:00,21237399751,16.9,18.2,success,
2026-01-13T02:05:37.384+00:00,20997701831,16.9,18.2,success,
2026-01-13T02:05:38.778+00:00,20996554951,16.9,18.2,success,
2026-01-13T02:05:40.174+00:00,20717830343,16.9,18.2,success,
2026-01-13T02:05:41.602+00:00,20602388679,16.9,18.2,success,
2026-01-13T02:05:42.948+00:00,20586102983,16.9,18.2,success,
2026-01-13T02:05:44.329+00:00,20532134087,16.9,18.2,success,
2026-01-13T02:05:45.674+00:00,20510834887,16.9,18.2,success,
2026-01-13T02:05:47.081+00:00,20464533703,16.9,18.2,success,
2026-01-13T02:05:48.541+00:00,20334936263,16.9,18.2,success,
2026-01-13T02:05:49.965+00:00,20318912711,16.9,18.2,success,
2026-01-13T02:05:51.665+00:00,20286931143,16.9,18.2,success,
2026-01-13T02:05:53.037+00:00,20171423943,16.9,18.2,success,
2026-01-13T02:05:54.410+00:00,20137771207,16.9,18.2,success,
2026-01-13T02:05:55.793+00:00,20129841351,16.9,18.2,success,
2026-01-13T02:05:57.044+00:00,20052213959,16.9,18.2,success,
2026-01-13T02:05:58.393+00:00,19901677767,16.9,18.2,success,
2026-01-13T02:05:59.904+00:00,19862257863,16.9,18.2,success,
2026-01-13T02:06:01.481+00:00,19719160007,16.9,18.2,success,
2026-01-13T02:06:02.874+00:00,19665518791,16.9,18.2,success,
2026-01-13T02:06:04.279+00:00,19627278535,16.9,18.2,success,
2026-01-13T02:06:05.621+00:00,19605651655,16.9,18.2,success,
2026-01-13T02:07:07.007+00:00,19603849415,16.9,18.2,success,
2026-01-13T02:07:08.428+00:00,19435258055,16.9,18.2,success,
2026-01-13T02:07:09.854+00:00,19351863495,16.9,18.2,success,
2026-01-13T02:07:11.233+00:00,19143491783,15.9,18.2,success,
2026-01-13T02:07:12.761+00:00,19143327943,16.9,18.2,success,
2026-01-13T02:07:14.115+00:00,19134415047,15.9,18.2,success,
2026-01-13T02:07:15.479+00:00,19127795911,16.9,18.2,success,
2026-01-13T02:07:16.869+00:00,19040633031,15.9,18.2,success,
2026-01-13T02:07:18.319+00:00,19035881671,15.9,18.2,success,
2026-01-13T02:07:19.685+00:00,19015237831,15.9,18.2,success,
2026-01-13T02:07:21.266+00:00,19009044679,15.9,18.2,success,
2026-01-13T02:07:22.702+00:00,18974015687,15.9,18.2,success,
2026-01-13T02:07:24.135+00:00,18954911943,15.9,18.2,success,
2026-01-13T02:07:25.532+00:00,18882920647,15.9,18.2,success,
2026-01-13T02:07:26.856+00:00,18829574343,16.9,18.2,success,
2026-01-13T02:07:28.308+00:00,18740805831,15.9,18.2,success,
2026-01-13T02:07:30.100+00:00,17694261447,15.9,18.2,success,
2026-01-13T02:07:31.471+00:00,17682071751,15.9,18.2,success,
2026-01-13T02:07:33.025+00:00,17566728391,15.9,18.2,success,
2026-01-13T02:07:34.383+00:00,17549885639,15.9,18.2,success,
2026-01-13T02:07:35.750+00:00,17520296135,15.9,18.2,success,
2026-01-13T02:07:37.106+00:00,17513316551,15.9,18.2,success,
2026-01-13T02:07:38.501+00:00,17433395399,15.9,18.2,success,
2026-01-13T02:07:39.881+00:00,17331421383,15.9,18.2,success,
2026-01-13T02:07:41.586+00:00,17297146055,15.9,18.2,success,
2026-01-13T02:07:43.023+00:00,17246781639,15.9,18.2,success,
2026-01-13T02:07:44.388+00:00,17198383303,15.9,18.2,success,
2026-01-13T02:07:45.741+00:00,17189765319,15.9,18.2,success,
2026-01-13T02:07:47.177+00:00,17171677383,15.9,18.2,success,
2026-01-13T02:07:48.588+00:00,17070457031,15.9,18.2,success,
2026-01-13T02:08:50.078+00:00,16834199751,15.9,18.2,success,
2026-01-13T02:08:51.587+00:00,16823484615,15.9,18.2,error,Failed to update subscription 16823484615: Only active and paused subscriptions can be edited
2026-01-13T02:08:51.846+00:00,16807035079,15.9,18.2,success,
2026-01-13T02:08:53.222+00:00,16784359623,15.9,18.2,success,
2026-01-13T02:08:54.550+00:00,16753164487,15.9,18.2,success,
2026-01-13T02:08:55.965+00:00,16728424647,15.9,18.2,success,
2026-01-13T02:08:57.414+00:00,16720986311,15.9,18.2,success,
2026-01-13T02:08:58.762+00:00,16713580743,16.9,18.2,success,
2026-01-13T02:09:00.340+00:00,16704995527,15.9,18.2,success,
2026-01-13T02:09:01.859+00:00,16670523591,15.9,18.2,success,
2026-01-13T02:09:03.445+00:00,16577921223,16.9,18.2,success,
2026-01-13T02:09:04.911+00:00,16572350663,15.9,18.2,success,
2026-01-13T02:09:06.394+00:00,16476831943,15.9,18.2,success,
2026-01-13T02:09:07.908+00:00,16459628743,15.9,18.2,success,
2026-01-13T02:09:09.325+00:00,16453337287,15.9,18.2,success,
2026-01-13T02:09:10.698+00:00,16417489095,15.9,18.2,success,
2026-01-13T02:09:12.288+00:00,16380068039,15.9,18.2,success,
2026-01-13T02:09:13.736+00:00,16269181127,15.9,18.2,success,
2026-01-13T02:09:15.506+00:00,16232153287,15.9,18.2,success,
2026-01-13T02:09:17.072+00:00,16166256839,15.9,18.2,success,
2026-01-13T02:09:18.843+00:00,16145187015,15.9,18.2,success,
2026-01-13T02:09:20.278+00:00,16048324807,15.9,18.2,success,
2026-01-13T02:09:21.807+00:00,15989670087,15.9,18.2,success,
2026-01-13T02:09:23.208+00:00,15935537351,15.9,18.2,success,
2026-01-13T02:09:24.544+00:00,15935504583,15.9,18.2,success,
2026-01-13T02:09:25.980+00:00,15917154503,15.9,18.2,success,
2026-01-13T02:09:27.300+00:00,15897723079,15.9,18.2,success,
2026-01-13T02:09:28.772+00:00,15896576199,15.9,18.2,success,
2026-01-13T02:09:30.168+00:00,15739486407,15.9,18.2,success,
2026-01-13T02:09:31.639+00:00,15716090055,15.9,18.2,success,
2026-01-13T02:10:33.200+00:00,15705505991,15.9,18.2,success,
2026-01-13T02:10:34.705+00:00,15694594247,15.9,18.2,success,
2026-01-13T02:10:36.207+00:00,15690367175,15.9,18.2,success,
2026-01-13T02:10:37.760+00:00,15645376711,15.9,18.2,success,
2026-01-13T02:10:39.188+00:00,15612739783,15.9,18.2,success,
2026-01-13T02:10:40.675+00:00,15452209351,15.9,18.2,success,
2026-01-13T02:10:42.198+00:00,15388442823,15.9,18.2,success,
2026-01-13T02:10:43.721+00:00,15324840135,16.9,18.2,success,
2026-01-13T02:10:45.198+00:00,15308325063,15.9,18.2,success,
2026-01-13T02:10:46.742+00:00,15299346631,15.9,18.2,success,
2026-01-13T02:10:48.185+00:00,15264776391,15.9,18.2,success,
2026-01-13T02:10:49.593+00:00,15234040007,15.9,18.2,success,
2026-01-13T02:10:51.000+00:00,15231582407,15.9,18.2,success,
2026-01-13T02:10:52.420+00:00,15150645447,15.9,18.2,success,
2026-01-13T02:10:53.821+00:00,15115157703,15.9,18.2,success,
2026-01-13T02:10:55.256+00:00,14729445575,15.9,18.2,success,
2026-01-13T02:10:56.573+00:00,14409728199,15.9,18.2,success,
2026-01-13T02:10:58.063+00:00,14405206215,15.9,18.2,success,
2026-01-13T02:10:59.451+00:00,14258274503,15.9,18.2,success,
2026-01-13T02:11:00.832+00:00,14219575495,15.9,18.2,success,
2026-01-13T02:11:02.325+00:00,14188347591,15.9,18.2,success,
2026-01-13T02:11:03.828+00:00,14046658759,15.9,18.2,success,
2026-01-13T02:11:05.284+00:00,13964411079,15.9,18.2,success,
2026-01-13T02:11:06.768+00:00,13924204743,15.9,18.2,success,
2026-01-13T02:11:08.242+00:00,13857587399,15.9,18.2,success,
2026-01-13T02:11:09.830+00:00,13807517895,15.9,18.2,success,
2026-01-13T02:11:11.275+00:00,13744537799,15.9,18.2,success,
2026-01-13T02:11:12.823+00:00,13725696199,15.9,18.2,success,
2026-01-13T02:11:14.363+00:00,13685653703,15.9,18.2,success,
2026-01-13T02:11:15.992+00:00,13664551111,15.9,18.2,success,
2026-01-13T02:12:17.529+00:00,13644693703,15.9,18.2,success,
2026-01-13T02:12:19.174+00:00,13637025991,15.9,18.2,success,
2026-01-13T02:12:20.700+00:00,13504512199,15.9,18.2,success,
2026-01-13T02:12:22.236+00:00,13346734279,15.9,18.2,success,
2026-01-13T02:12:23.739+00:00,13326483655,15.9,18.2,success,
2026-01-13T02:12:25.326+00:00,13319667911,15.9,18.2,success,
2026-01-13T02:12:27.045+00:00,13267665095,15.9,18.2,success,
2026-01-13T02:12:28.394+00:00,13225787591,15.9,18.2,success,
2026-01-13T02:12:30.154+00:00,13221200071,15.9,18.2,success,
2026-01-13T02:12:31.829+00:00,13172703431,15.9,18.2,success,
2026-01-13T02:12:33.305+00:00,13084786887,15.9,18.2,success,
2026-01-13T02:12:34.832+00:00,12933071047,15.9,18.2,success,
2026-01-13T02:12:36.195+00:00,12922552519,15.9,18.2,success,
2026-01-13T02:12:37.653+00:00,12837028039,15.9,18.2,success,
2026-01-13T02:12:39.336+00:00,12756910279,15.9,18.2,success,
2026-01-13T02:12:40.819+00:00,12735119559,15.9,18.2,success,
2026-01-13T02:12:42.307+00:00,12633931975,15.9,18.2,success,
2026-01-13T02:12:43.802+00:00,12197462215,15.9,18.2,success,
2026-01-13T02:12:45.685+00:00,12189597895,15.9,18.2,success,
2026-01-13T02:12:47.489+00:00,12087263431,15.9,18.2,success,
2026-01-13T02:12:49.017+00:00,12054364359,15.9,18.2,success,
2026-01-13T02:12:50.482+00:00,11941281991,15.9,18.2,success,
2026-01-13T02:12:51.904+00:00,11919491271,15.9,18.2,success,
2026-01-13T02:12:53.472+00:00,11886330055,15.9,18.2,success,
2026-01-13T02:12:54.968+00:00,11867128007,15.9,18.2,success,
2026-01-13T02:12:56.426+00:00,11841798343,15.9,18.2,success,
2026-01-13T02:12:58.517+00:00,11759976647,15.9,18.2,success,
2026-01-13T02:13:00.433+00:00,11718262983,15.9,18.2,success,
2026-01-13T02:13:01.973+00:00,11669012679,15.9,18.2,success,
2026-01-13T02:13:03.639+00:00,11663442119,15.9,18.2,success,
2026-01-13T02:14:05.138+00:00,11549376711,15.9,18.2,success,
2026-01-13T02:14:06.708+00:00,11528634567,15.9,18.2,success,
2026-01-13T02:14:08.221+00:00,11511857351,15.9,18.2,success,
2026-01-13T02:14:09.636+00:00,11448320199,15.9,18.2,success,
2026-01-13T02:14:11.046+00:00,11442847943,15.9,18.2,success,
2026-01-13T02:14:12.572+00:00,11303616711,15.9,18.2,success,
2026-01-13T02:14:14.245+00:00,10159227079,15.9,18.2,success,
2026-01-13T02:14:16.064+00:00,10067312839,15.9,18.2,success,
2026-01-13T02:14:17.536+00:00,10066690247,15.9,18.2,success,
2026-01-13T02:14:19.108+00:00,10007544007,15.9,18.2,success,
2026-01-13T02:14:20.712+00:00,9893806279,15.9,18.2,success,
2026-01-13T02:14:22.215+00:00,9856286919,15.9,18.2,success,
2026-01-13T02:14:23.736+00:00,9784721607,15.9,18.2,success,
2026-01-13T02:14:25.350+00:00,9782526151,15.9,18.2,success,
2026-01-13T02:14:26.945+00:00,9731866823,15.9,18.2,success,
2026-01-13T02:14:28.586+00:00,9694347463,15.9,18.2,success,
2026-01-13T02:14:30.027+00:00,9676390599,15.9,18.2,success,
2026-01-13T02:14:31.529+00:00,9616720071,15.9,18.2,success,
2026-01-13T02:14:33.314+00:00,9581002951,15.9,18.2,success,
2026-01-13T02:14:34.844+00:00,9524576455,15.9,18.2,success,
2026-01-13T02:14:36.267+00:00,9450062023,15.9,18.2,success,
2026-01-13T02:14:38.122+00:00,9449406663,15.9,18.2,success,
2026-01-13T02:14:39.545+00:00,9435250887,15.9,18.2,success,
2026-01-13T02:14:41.019+00:00,9399500999,15.9,18.2,success,
2026-01-13T02:14:42.507+00:00,9385771207,15.9,18.2,success,
2026-01-13T02:14:43.873+00:00,9331376327,15.9,18.2,success,
2026-01-13T02:14:45.302+00:00,9328328903,15.9,18.2,success,
2026-01-13T02:14:46.841+00:00,9314631879,15.9,18.2,success,
2026-01-13T02:14:48.197+00:00,9297330375,15.9,18.2,success,
2026-01-13T02:14:49.749+00:00,9295364295,15.9,18.2,success,
2026-01-13T02:15:51.432+00:00,9231302855,15.9,18.2,success,
2026-01-13T02:15:53.108+00:00,9205416135,15.9,18.2,success,
2026-01-13T02:15:54.761+00:00,9164488903,15.9,18.2,success,
2026-01-13T02:15:56.370+00:00,9145942215,15.9,18.2,success,
2026-01-13T02:15:57.823+00:00,9102655687,15.9,18.2,success,
2026-01-13T02:15:59.430+00:00,9096102087,15.9,18.2,success,
2026-01-13T02:16:01.171+00:00,9089745095,15.9,18.2,success,
2026-01-13T02:16:02.657+00:00,9086435527,15.9,18.2,success,
2026-01-13T02:16:04.125+00:00,9012019399,15.9,18.2,success,
2026-01-13T02:16:05.741+00:00,9011626183,15.9,18.2,success,
2026-01-13T02:16:07.313+00:00,9009889479,15.9,18.2,success,
2026-01-13T02:16:08.863+00:00,8981577927,15.9,18.2,success,
2026-01-13T02:16:10.461+00:00,8957919431,15.9,18.2,success,
2026-01-13T02:16:12.004+00:00,8948318407,15.9,18.2,success,
2026-01-13T02:16:13.495+00:00,8947630279,15.9,18.2,success,
2026-01-13T02:16:14.943+00:00,8921448647,15.9,18.2,success,
2026-01-13T02:16:16.442+00:00,8912896199,15.9,18.2,success,
2026-01-13T02:16:18.024+00:00,8875606215,15.9,18.2,success,
2026-01-13T02:16:19.484+00:00,8843165895,15.9,18.2,success,
2026-01-13T02:16:21.317+00:00,8829632711,15.9,18.2,success,
2026-01-13T02:16:22.785+00:00,8821178567,15.9,18.2,success,
2026-01-13T02:16:24.294+00:00,8812298439,15.9,18.2,success,
2026-01-13T02:16:25.828+00:00,8798437575,15.9,18.2,success,
2026-01-13T02:16:27.332+00:00,8743649479,15.9,18.2,success,
2026-01-13T02:16:28.856+00:00,8734736583,15.9,18.2,success,
2026-01-13T02:16:30.371+00:00,8706425031,15.9,18.2,success,
2026-01-13T02:16:31.950+00:00,8691056839,15.9,18.2,success,
2026-01-13T02:16:33.486+00:00,8682275015,15.9,18.2,success,
2026-01-13T02:16:35.023+00:00,8611233991,15.9,18.2,success,
2026-01-13T02:16:36.407+00:00,8528396487,15.9,18.2,success,
2026-01-13T02:17:37.993+00:00,8469119175,15.9,18.2,success,
2026-01-13T02:17:39.721+00:00,8465809607,15.9,18.2,success,
2026-01-13T02:17:41.302+00:00,8379269319,15.9,18.2,success,
2026-01-13T02:17:42.837+00:00,8334999751,15.9,18.2,success,
2026-01-13T02:17:44.304+00:00,8323006663,15.9,18.2,success,
2026-01-13T02:17:45.923+00:00,8254947527,15.9,18.2,success,
2026-01-13T02:17:47.581+00:00,8244723911,15.9,18.2,success,
2026-01-13T02:17:49.148+00:00,8226439367,15.9,18.2,success,
2026-01-13T02:17:50.537+00:00,8125415623,15.9,18.2,success,
2026-01-13T02:17:51.970+00:00,8118698183,15.9,18.2,success,
2026-01-13T02:17:53.517+00:00,8104345799,15.9,18.2,success,
2026-01-13T02:17:56.031+00:00,8098250951,15.9,18.2,error,Failed to update subscription 8098250951: Only active and paused subscriptions can be edited
2026-01-13T02:17:56.353+00:00,8095301831,15.9,18.2,success,
2026-01-13T02:17:58.062+00:00,8089239751,15.9,18.2,success,
2026-01-13T02:17:59.600+00:00,8032125127,15.9,18.2,success,
2026-01-13T02:18:01.476+00:00,7844266183,15.9,18.2,success,
2026-01-13T02:18:03.069+00:00,7792230599,15.9,18.2,success,
2026-01-13T02:18:04.502+00:00,7751336135,15.9,18.2,success,
2026-01-13T02:18:06.078+00:00,7714898119,15.9,18.2,success,
2026-01-13T02:18:07.569+00:00,7663911111,15.9,18.2,success,
2026-01-13T02:18:09.205+00:00,7601553607,15.9,18.2,success,
2026-01-13T02:18:10.702+00:00,7559053511,15.9,18.2,success,
2026-01-13T02:18:12.310+00:00,7502692551,15.9,18.2,success,
2026-01-13T02:18:13.909+00:00,7458783431,15.9,18.2,success,
2026-01-13T02:18:15.501+00:00,7440826567,15.9,18.2,success,
2026-01-13T02:18:16.986+00:00,7401603271,15.9,18.2,success,
2026-01-13T02:18:18.577+00:00,7400685767,15.9,18.2,success,
2026-01-13T02:18:20.548+00:00,7399375047,15.9,18.2,success,
2026-01-13T02:18:22.060+00:00,7353368775,15.9,18.2,success,
2026-01-13T02:18:23.718+00:00,7311360199,15.9,18.2,success,
2026-01-13T02:19:25.243+00:00,7300120775,15.9,18.2,success,
2026-01-13T02:19:26.771+00:00,7296483527,15.9,18.2,success,
2026-01-13T02:19:28.262+00:00,7291076807,15.9,18.2,success,
2026-01-13T02:19:29.805+00:00,7264436423,15.9,18.2,success,
2026-01-13T02:19:31.319+00:00,7259816135,15.9,18.2,success,
2026-01-13T02:19:32.804+00:00,7250608327,15.9,18.2,success,
2026-01-13T02:19:34.309+00:00,7225901255,15.9,18.2,success,
2026-01-13T02:19:35.942+00:00,7202472135,15.9,18.2,success,
2026-01-13T02:19:37.491+00:00,7166492871,15.9,18.2,success,
2026-01-13T02:19:38.933+00:00,7142179015,15.9,18.2,success,
2026-01-13T02:19:40.595+00:00,7125958855,15.9,18.2,success,
2026-01-13T02:19:42.162+00:00,7076479175,15.9,18.2,success,
2026-01-13T02:19:43.821+00:00,7021789383,15.9,18.2,success,
2026-01-13T02:19:45.306+00:00,7008157895,15.9,18.2,success,
2026-01-13T02:19:46.886+00:00,7007305927,15.9,18.2,success,
2026-01-13T02:19:48.493+00:00,6990168263,15.9,18.2,success,
2026-01-13T02:19:50.064+00:00,6982500551,15.9,18.2,success,
2026-01-13T02:19:51.646+00:00,6973751495,15.9,18.2,success,
2026-01-13T02:19:53.211+00:00,6966345927,15.9,18.2,success,
2026-01-13T02:19:54.672+00:00,6952353991,15.9,18.2,success,
2026-01-13T02:19:56.202+00:00,6873284807,15.9,18.2,success,
2026-01-13T02:19:58.004+00:00,6866043079,15.9,18.2,success,
2026-01-13T02:19:59.478+00:00,6863421639,15.9,18.2,success,
2026-01-13T02:20:01.108+00:00,6851854535,15.9,18.2,success,
2026-01-13T02:20:02.694+00:00,6848020679,15.9,18.2,success,
2026-01-13T02:20:04.257+00:00,6832586951,15.9,18.2,success,
2026-01-13T02:20:06.031+00:00,6815088839,15.9,18.2,success,
2026-01-13T02:20:07.583+00:00,6757384391,15.9,18.2,success,
2026-01-13T02:20:09.059+00:00,6750109895,15.9,18.2,success,
2026-01-13T02:20:10.641+00:00,6738903239,15.9,18.2,success,
2026-01-13T02:21:12.318+00:00,6663274695,15.9,18.2,success,
2026-01-13T02:21:13.898+00:00,6620479687,15.9,18.2,success,
2026-01-13T02:21:15.452+00:00,6290866375,15.9,18.2,success,
2026-01-13T02:21:17.084+00:00,6251348167,15.9,18.2,success,
2026-01-13T02:21:18.663+00:00,6247743687,15.9,18.2,success,
2026-01-13T02:21:20.500+00:00,6190694599,15.9,18.2,success,
2026-01-13T02:21:21.927+00:00,6136201415,15.9,18.2,success,
2026-01-13T02:21:23.403+00:00,6135316679,15.9,18.2,success,
2026-01-13T02:21:24.856+00:00,6134890695,15.9,18.2,success,
2026-01-13T02:21:26.248+00:00,6126436551,15.9,18.2,success,
2026-01-13T02:21:27.833+00:00,6119489735,15.9,18.2,success,
2026-01-13T02:21:29.324+00:00,6039568583,15.9,18.2,success,
2026-01-13T02:21:30.763+00:00,6025019591,15.9,18.2,success,
2026-01-13T02:21:32.413+00:00,6010503367,15.9,18.2,success,
2026-01-13T02:21:33.874+00:00,5998739655,15.9,18.2,success,
2026-01-13T02:21:35.480+00:00,5926027463,15.9,18.2,success,
2026-01-13T02:21:37.105+00:00,5878874311,15.9,18.2,success,
2026-01-13T02:21:38.659+00:00,5855772871,15.9,18.2,success,
2026-01-13T02:21:40.183+00:00,5842108615,15.9,18.2,success,
2026-01-13T02:21:41.829+00:00,5823529159,15.9,18.2,success,
2026-01-13T02:21:43.478+00:00,5786140871,15.9,18.2,success,
2026-01-13T02:21:44.884+00:00,5774049479,15.9,18.2,success,
2026-01-13T02:21:46.369+00:00,5767200967,15.9,18.2,success,
2026-01-13T02:21:47.940+00:00,5711659207,15.9,18.2,success,
2026-01-13T02:21:49.454+00:00,5696389319,15.9,18.2,success,
2026-01-13T02:21:50.998+00:00,5695504583,15.9,18.2,success,
2026-01-13T02:21:52.477+00:00,5678956743,15.9,18.2,success,
2026-01-13T02:21:54.014+00:00,5595267271,15.9,18.2,success,
2026-01-13T02:21:55.585+00:00,5555749063,15.9,18.2,success,
2026-01-13T02:21:57.151+00:00,5494046919,15.9,18.2,success,
2026-01-13T02:22:58.705+00:00,5479694535,15.9,18.2,success,
2026-01-13T02:23:00.353+00:00,5433163975,15.9,18.2,success,
2026-01-13T02:23:02.043+00:00,5416419527,15.9,18.2,success,
2026-01-13T02:23:03.494+00:00,5411438791,15.9,18.2,success,
2026-01-13T02:23:05.025+00:00,5387583687,15.9,18.2,success,
2026-01-13T02:23:06.781+00:00,5386043591,15.9,18.2,success,
2026-01-13T02:23:08.320+00:00,5354553543,15.9,18.2,success,
2026-01-13T02:23:09.825+00:00,5315395783,15.9,18.2,success,
2026-01-13T02:23:11.354+00:00,5274337479,15.9,18.2,success,
2026-01-13T02:23:12.902+00:00,5273157831,15.9,18.2,success,
2026-01-13T02:23:14.651+00:00,5238128839,15.9,18.2,success,
2026-01-13T02:23:16.137+00:00,5121048775,15.9,18.2,success,
2026-01-13T02:23:17.743+00:00,5113741511,15.9,18.2,success,
2026-01-13T02:23:19.282+00:00,5062918343,15.9,18.2,success,
2026-01-13T02:23:20.704+00:00,5056626887,15.9,18.2,success,
2026-01-13T02:23:22.180+00:00,5032640711,15.9,18.2,success,
2026-01-13T02:23:23.676+00:00,4982898887,15.9,18.2,success,
2026-01-13T02:23:25.174+00:00,4979228871,15.9,18.2,success,
2026-01-13T02:23:26.650+00:00,4970217671,15.9,18.2,success,
2026-01-13T02:23:28.129+00:00,4969726151,15.9,18.2,success,
2026-01-13T02:23:29.644+00:00,4968120519,15.9,18.2,success,
2026-01-13T02:23:31.091+00:00,4879712455,15.9,18.2,success,
2026-01-13T02:23:32.589+00:00,4866408647,15.9,18.2,success,
2026-01-13T02:23:34.048+00:00,4859035847,15.9,18.2,success,
2026-01-13T02:23:35.616+00:00,4845043911,15.9,18.2,success,
2026-01-13T02:23:37.236+00:00,4834296007,15.9,18.2,success,
2026-01-13T02:23:38.663+00:00,4833935559,15.9,18.2,success,
2026-01-13T02:23:40.267+00:00,4828299463,15.9,18.2,success,
2026-01-13T02:23:41.838+00:00,4781211847,15.9,18.2,success,
2026-01-13T02:23:43.359+00:00,4772528327,15.9,18.2,success,
2026-01-13T02:24:44.910+00:00,4744806599,15.9,18.2,success,
2026-01-13T02:24:46.550+00:00,4721508551,15.9,18.2,success,
2026-01-13T02:24:48.026+00:00,4691984583,15.9,18.2,success,
2026-01-13T02:24:49.509+00:00,4590371015,15.9,18.2,success,
2026-01-13T02:24:51.109+00:00,4588732615,15.9,18.2,success,
2026-01-13T02:24:52.643+00:00,4564189383,15.9,18.2,success,
2026-01-13T02:24:54.257+00:00,4518641863,15.9,18.2,success,
2026-01-13T02:24:55.797+00:00,4491542727,15.9,18.2,success,
2026-01-13T02:24:57.220+00:00,4487348423,15.9,18.2,success,
2026-01-13T02:24:59.146+00:00,4451205319,15.9,18.2,success,
2026-01-13T02:25:00.627+00:00,4431511751,15.9,18.2,success,
2026-01-13T02:25:02.221+00:00,4426399943,15.9,18.2,success,
2026-01-13T02:25:03.871+00:00,4421812423,15.9,18.2,success,
2026-01-13T02:25:05.632+00:00,4221108423,15.9,18.2,success,
2026-01-13T02:25:07.152+00:00,4179460295,15.9,18.2,success,
2026-01-13T02:25:08.818+00:00,4170875079,15.9,18.2,success,
2026-01-13T02:25:10.491+00:00,4107010247,16.9,18.2,success,
2026-01-13T02:25:11.964+00:00,4095049927,15.9,18.2,success,
2026-01-13T02:25:13.523+00:00,3993206983,15.9,18.2,success,
2026-01-13T02:25:15.158+00:00,3947462855,15.9,18.2,success,
2026-01-13T02:25:16.707+00:00,3913023687,15.9,18.2,success,
2026-01-13T02:25:18.409+00:00,3912925383,15.9,18.2,success,
2026-01-13T02:25:20.620+00:00,3857154247,15.9,18.2,success,
2026-01-13T02:25:22.161+00:00,3773202631,15.9,18.2,success,
2026-01-13T02:25:23.681+00:00,3708223687,15.9,18.2,success,
2026-01-13T02:25:25.241+00:00,3701539015,15.9,18.2,success,
2026-01-13T02:25:26.796+00:00,3700392135,15.9,18.2,success,
2026-01-13T02:25:28.272+00:00,3700195527,15.9,18.2,success,
2026-01-13T02:25:29.637+00:00,3649339591,15.9,18.2,success,
2026-01-13T02:25:31.126+00:00,3635904711,15.9,18.2,success,
2026-01-13T02:26:33.013+00:00,3620503751,15.9,18.2,success,
2026-01-13T02:26:34.553+00:00,3615195335,15.9,18.2,success,
2026-01-13T02:26:36.097+00:00,3582951623,15.9,18.2,success,
2026-01-13T02:26:37.516+00:00,3528327367,15.9,18.2,success,
2026-01-13T02:26:38.938+00:00,3440115911,15.9,18.2,success,
2026-01-13T02:26:40.410+00:00,3430777031,15.9,18.2,success,
2026-01-13T02:26:41.803+00:00,3358720199,15.9,18.2,success,
2026-01-13T02:26:43.288+00:00,3351740615,15.9,18.2,success,
2026-01-13T02:26:44.761+00:00,3346497735,15.9,18.2,success,
2026-01-13T02:26:46.535+00:00,3293741255,15.9,18.2,success,
2026-01-13T02:26:48.098+00:00,3190358215,15.9,18.2,success,
2026-01-13T02:26:49.573+00:00,3189735623,15.9,18.2,success,
2026-01-13T02:26:51.266+00:00,3188457671,15.9,18.2,success,
2026-01-13T02:26:52.705+00:00,3188392135,15.9,18.2,success,
2026-01-13T02:26:54.379+00:00,3187310791,15.9,18.2,success,
2026-01-13T02:26:55.858+00:00,3172106439,15.9,18.2,success,
2026-01-13T02:26:57.325+00:00,3164438727,15.9,18.2,success,
2026-01-13T02:26:58.883+00:00,3149398215,15.9,18.2,success,
2026-01-13T02:27:00.570+00:00,3145760967,15.9,18.2,success,
2026-01-13T02:27:02.143+00:00,3108274375,15.9,18.2,success,
2026-01-13T02:27:04.117+00:00,3106209991,15.9,18.2,success,
2026-01-13T02:27:05.688+00:00,3099263175,15.9,18.2,success,
2026-01-13T02:27:07.127+00:00,3080618183,15.9,18.2,success,
2026-01-13T02:27:08.670+00:00,3080585415,15.9,18.2,success,
2026-01-13T02:27:10.539+00:00,3076554951,15.9,18.2,success,
2026-01-13T02:27:12.040+00:00,3057778887,16.9,18.2,success,
2026-01-13T02:27:13.544+00:00,3048440007,15.9,18.2,success,
2026-01-13T02:27:15.054+00:00,3009413319,15.9,18.2,success,
2026-01-13T02:27:16.605+00:00,2974810311,15.9,18.2,success,
2026-01-13T02:27:18.061+00:00,2971107527,15.9,18.2,success,
2026-01-13T02:28:19.519+00:00,2964717767,15.9,18.2,success,
2026-01-13T02:28:21.093+00:00,2956951751,15.9,18.2,success,
2026-01-13T02:28:22.484+00:00,2930540743,15.9,18.2,success,
2026-01-13T02:28:24.054+00:00,2897674439,15.9,18.2,success,
2026-01-13T02:28:25.553+00:00,2876899527,15.9,18.2,success,
2026-01-13T02:28:27.088+00:00,2864644295,15.9,18.2,success,
2026-01-13T02:28:28.768+00:00,2844524743,15.9,18.2,success,
2026-01-13T02:28:30.265+00:00,2840789191,15.9,18.2,success,
2026-01-13T02:28:31.718+00:00,2832203975,15.9,18.2,success,
2026-01-13T02:28:33.444+00:00,2830205127,15.9,18.2,success,
2026-01-13T02:28:34.871+00:00,2826338503,15.9,18.2,success,
2026-01-13T02:28:36.431+00:00,2816245959,15.9,18.2,success,
2026-01-13T02:28:37.840+00:00,2810675399,15.9,18.2,success,
2026-01-13T02:28:39.212+00:00,2805039303,15.9,18.2,success,
2026-01-13T02:28:40.795+00:00,2804023495,15.9,18.2,success,
2026-01-13T02:28:42.185+00:00,2801074375,15.9,18.2,success,
2026-01-13T02:28:43.722+00:00,2796912839,15.9,18.2,success,
2026-01-13T02:28:45.276+00:00,2791276743,15.9,18.2,success,
2026-01-13T02:28:46.707+00:00,2781151431,15.9,18.2,success,
2026-01-13T02:28:48.245+00:00,2773188807,15.9,18.2,success,
2026-01-13T02:28:49.840+00:00,2763292871,15.9,18.2,success,
2026-01-13T02:28:51.229+00:00,2750513351,15.9,18.2,success,
2026-01-13T02:28:52.774+00:00,2749202631,15.9,18.2,success,
2026-01-13T02:28:54.391+00:00,2740125895,15.9,18.2,success,
2026-01-13T02:28:55.872+00:00,2733703367,15.9,18.2,success,
2026-01-13T02:28:57.362+00:00,2722300103,15.9,18.2,success,
2026-01-13T02:28:58.901+00:00,2714042567,15.9,18.2,success,
2026-01-13T02:29:00.498+00:00,2706702535,15.9,18.2,success,
2026-01-13T02:29:02.225+00:00,2706636999,15.9,18.2,success,
2026-01-13T02:29:03.655+00:00,2692382919,15.9,18.2,success,
2026-01-13T02:30:05.124+00:00,2680225991,15.9,18.2,success,
2026-01-13T02:30:06.857+00:00,2676424903,15.9,18.2,success,
2026-01-13T02:30:08.421+00:00,2655158471,15.9,18.2,success,
2026-01-13T02:30:09.998+00:00,2650112199,15.9,18.2,success,
2026-01-13T02:30:11.533+00:00,2649981127,15.9,18.2,success,
2026-01-13T02:30:13.202+00:00,2623865031,15.9,18.2,success,
2026-01-13T02:30:14.835+00:00,2604925127,15.9,18.2,success,
2026-01-13T02:30:16.342+00:00,2602270919,15.9,18.2,success,
2026-01-13T02:30:17.881+00:00,2585231559,16.9,18.2,success,
2026-01-13T02:30:19.424+00:00,2583691463,15.9,18.2,success,
2026-01-13T02:30:20.983+00:00,2559017159,15.9,18.2,success,
2026-01-13T02:30:22.496+00:00,2534310087,15.9,18.2,success,
2026-01-13T02:30:23.954+00:00,2533884103,15.9,18.2,success,
2026-01-13T02:30:25.374+00:00,2530803911,15.9,18.2,success,
2026-01-13T02:30:26.873+00:00,2513830087,15.9,18.2,success,
2026-04-30T23:31:29.451+00:00,27515715783,10.3,11.49,success,
2026-04-30T23:31:30.978+00:00,26739048647,10.3,11.49,success,
2026-04-30T23:31:32.433+00:00,26681606343,10.3,11.49,success,
2026-04-30T23:31:34.398+00:00,26570784967,10.3,11.49,success,
2026-04-30T23:31:35.796+00:00,26112786631,10.3,11.49,success,
2026-04-30T23:31:37.219+00:00,25709969607,10.3,11.49,success,
2026-04-30T23:31:38.685+00:00,25707643079,10.3,11.49,success,
2026-04-30T23:31:40.050+00:00,25644400839,10.3,11.49,success,
2026-04-30T23:31:41.432+00:00,25628999879,10.3,11.49,success,
2026-04-30T23:31:42.818+00:00,25596657863,10.3,11.49,success,
2026-04-30T23:31:44.189+00:00,25203966151,10.3,11.49,success,
2026-04-30T23:31:45.579+00:00,25203736775,10.3,11.49,success,
2026-04-30T23:31:46.937+00:00,24869896391,10.3,11.49,success,
2026-04-30T23:31:48.633+00:00,24830476487,10.3,11.49,success,
2026-04-30T23:31:50.010+00:00,24739872967,10.3,11.49,success,
2026-04-30T23:31:51.470+00:00,24505352391,10.3,11.49,success,
2026-04-30T23:31:52.821+00:00,24350195911,10.3,11.49,success,
2026-04-30T23:31:54.204+00:00,24336466119,10.3,11.49,success,
2026-04-30T23:31:55.684+00:00,24062427335,10.3,11.49,success,
2026-04-30T23:31:57.085+00:00,23981981895,10.3,11.49,success,
2026-04-30T23:31:58.454+00:00,23823876295,10.3,11.49,success,
2026-04-30T23:31:59.825+00:00,23784751303,10.3,11.49,success,
2026-04-30T23:32:01.438+00:00,23774232775,10.3,11.49,success,
2026-04-30T23:32:02.919+00:00,23762075847,10.3,11.49,success,
2026-04-30T23:32:04.376+00:00,23671537863,10.3,11.49,success,
2026-04-30T23:32:05.800+00:00,22719234247,10.3,11.49,success,
2026-04-30T23:32:07.229+00:00,22451323079,10.3,11.49,success,
2026-04-30T23:32:08.617+00:00,22104342727,10.3,11.49,success,
2026-04-30T23:32:10.044+00:00,21914845383,10.3,11.49,success,
2026-04-30T23:32:11.447+00:00,21838758087,10.3,11.49,success,
2026-04-30T23:33:12.926+00:00,21814214855,10.3,11.49,success,
2026-04-30T23:33:14.438+00:00,21495283911,10.3,11.49,success,
2026-04-30T23:33:15.956+00:00,21475721415,10.3,11.49,success,
2026-04-30T23:33:17.374+00:00,21434728647,10.3,11.49,success,
2026-04-30T23:33:18.755+00:00,21433024711,10.3,11.49,success,
2026-04-30T23:33:20.233+00:00,21320073415,10.3,11.49,success,
2026-04-30T23:33:21.600+00:00,21271576775,10.3,11.49,success,
2026-04-30T23:33:23.047+00:00,21221081287,10.3,11.49,success,
2026-04-30T23:33:24.381+00:00,21026865351,10.3,11.49,success,
2026-04-30T23:33:25.813+00:00,20892614855,10.3,11.49,success,
2026-04-30T23:33:27.241+00:00,20824621255,10.3,11.49,success,
2026-04-30T23:33:28.888+00:00,20808827079,10.3,11.49,success,
2026-04-30T23:33:30.324+00:00,20626014407,10.3,11.49,success,
2026-04-30T23:33:31.729+00:00,20570898631,10.3,11.49,success,
2026-04-30T23:33:33.081+00:00,20222410951,10.3,11.49,success,
2026-04-30T23:33:34.518+00:00,20186136775,10.3,11.49,success,
2026-04-30T23:33:35.933+00:00,20155662535,10.3,11.49,success,
2026-04-30T23:33:37.250+00:00,20084555975,10.3,11.49,success,
2026-04-30T23:33:38.652+00:00,19910721735,10.3,11.49,success,
2026-04-30T23:33:39.998+00:00,19826114759,10.3,11.49,success,
2026-04-30T23:33:41.378+00:00,19810910407,10.3,11.49,success,
2026-04-30T23:33:42.801+00:00,19766476999,10.3,11.49,success,
2026-04-30T23:33:44.152+00:00,19750224071,10.3,11.49,success,
2026-04-30T23:33:45.496+00:00,19566002375,10.3,11.49,success,
2026-04-30T23:33:46.917+00:00,19518488775,10.3,11.49,success,
2026-04-30T23:33:48.290+00:00,19444400327,10.3,11.49,success,
2026-04-30T23:33:49.702+00:00,19395772615,10.3,11.49,success,
2026-04-30T23:33:51.205+00:00,19169083591,10.39,11.49,success,
2026-04-30T23:33:52.575+00:00,19143000263,10.3,11.49,success,
2026-04-30T23:33:53.994+00:00,19048988871,10.3,11.49,success,
2026-04-30T23:34:55.504+00:00,19010126023,10.3,11.49,success,
2026-04-30T23:34:57.029+00:00,18964480199,10.3,11.49,success,
2026-04-30T23:34:58.511+00:00,18957533383,10.3,11.49,success,
2026-04-30T23:34:59.876+00:00,18939543751,10.3,11.49,success,
2026-04-30T23:35:01.584+00:00,17574428871,10.3,11.49,success,
2026-04-30T23:35:03.180+00:00,17571512519,10.3,11.49,success,
2026-04-30T23:35:04.751+00:00,17499947207,10.3,11.49,success,
2026-04-30T23:35:06.195+00:00,17459118279,10.3,11.49,success,
2026-04-30T23:35:07.606+00:00,17345183943,10.3,11.49,success,
2026-04-30T23:35:09.232+00:00,17005609159,10.3,11.49,success,
2026-04-30T23:35:10.755+00:00,16903536839,10.3,11.49,success,
2026-04-30T23:35:12.140+00:00,16854352071,10.3,11.49,success,
2026-04-30T23:35:13.529+00:00,16810115271,10.3,11.49,success,
2026-04-30T23:35:14.903+00:00,16744480967,10.3,11.49,success,
2026-04-30T23:35:16.321+00:00,16423616711,10.3,11.49,success,
2026-04-30T23:35:18.381+00:00,16326459591,10.3,11.49,success,
2026-04-30T23:35:19.780+00:00,16322724039,10.3,11.49,success,
2026-04-30T23:35:21.255+00:00,16046588103,10.3,11.49,success,
2026-04-30T23:35:22.645+00:00,15936946375,10.3,11.49,success,
2026-04-30T23:35:24.075+00:00,15796732103,10.3,11.49,success,
2026-04-30T23:35:25.533+00:00,15751348423,10.3,11.49,success,
2026-04-30T23:35:27.026+00:00,15708192967,10.3,11.49,success,
2026-04-30T23:35:28.450+00:00,15698493639,10.3,11.49,success,
2026-04-30T23:35:29.866+00:00,15609692359,10.3,11.49,success,
2026-04-30T23:35:31.389+00:00,15369896135,10.3,11.49,success,
2026-04-30T23:35:32.803+00:00,15309013191,10.3,11.49,success,
2026-04-30T23:35:34.223+00:00,15231287495,10.3,11.49,success,
2026-04-30T23:35:35.634+00:00,15081767111,10.3,11.49,success,
2026-04-30T23:35:37.098+00:00,15034417351,10.3,11.49,success,
2026-04-30T23:35:38.568+00:00,14934147271,10.3,11.49,success,
2026-04-30T23:36:40.604+00:00,14517043399,10.3,11.49,success,
2026-04-30T23:36:42.245+00:00,13974929607,10.3,11.49,success,
2026-04-30T23:36:43.666+00:00,13713604807,10.3,11.49,success,
2026-04-30T23:36:45.256+00:00,12572229831,10.3,11.49,success,
2026-04-30T23:36:46.690+00:00,12184518855,10.3,11.49,success,
2026-04-30T23:36:48.090+00:00,11700502727,10.3,11.49,success,
2026-04-30T23:36:49.533+00:00,11462017223,10.3,11.49,success,
2026-04-30T23:36:50.971+00:00,11332223175,10.3,11.49,success,
2026-04-30T23:36:52.434+00:00,9914122439,10.3,11.49,success,
2026-04-30T23:36:53.863+00:00,9742057671,10.3,11.49,success,
2026-04-30T23:36:55.281+00:00,9640444103,10.3,11.49,success,
2026-04-30T23:36:56.686+00:00,9079357639,10.3,11.49,success,
2026-04-30T23:36:58.176+00:00,9033875655,10.3,11.49,success,
2026-04-30T23:36:59.547+00:00,8994291911,10.3,11.49,success,
2026-04-30T23:37:01.050+00:00,8960180423,10.3,11.49,success,
2026-04-30T23:37:03.588+00:00,8796471495,10.3,11.49,success,
2026-04-30T23:37:05.553+00:00,7595688135,10.3,11.49,success,
2026-04-30T23:37:07.005+00:00,7399866567,10.3,11.49,success,
2026-04-30T23:37:08.517+00:00,7206764743,10.3,11.49,success,
2026-04-30T23:37:10.820+00:00,6937673927,10.3,11.49,success,
2026-04-30T23:37:12.337+00:00,6817317063,10.3,11.49,success,
2026-04-30T23:37:13.818+00:00,6751453383,10.3,11.49,success,
2026-04-30T23:37:15.646+00:00,6268354759,10.3,11.49,success,
2026-04-30T23:37:17.163+00:00,5702615239,10.3,11.49,success,
2026-04-30T23:37:18.695+00:00,5540217031,10.3,11.49,success,
2026-04-30T23:37:20.968+00:00,5478547655,10.3,11.49,success,
2026-04-30T23:37:22.934+00:00,5117444295,10.3,11.49,success,
2026-04-30T23:37:24.789+00:00,4916248775,10.3,11.49,success,
2026-04-30T23:37:26.277+00:00,4667048135,10.3,11.49,success,
2026-04-30T23:37:27.709+00:00,4377280711,10.3,11.49,success,
2026-04-30T23:38:29.493+00:00,4051042503,10.3,11.49,success,
2026-04-30T23:38:30.986+00:00,3954147527,10.3,11.49,success,
2026-04-30T23:38:32.407+00:00,3847553223,10.3,11.49,success,
2026-04-30T23:38:33.892+00:00,3801153735,10.3,11.49,success,
2026-04-30T23:38:35.383+00:00,3614474439,10.3,11.49,success,
2026-04-30T23:38:37.430+00:00,3481272519,10.3,11.49,success,
2026-04-30T23:38:38.869+00:00,3436380359,10.3,11.49,success,
2026-04-30T23:38:40.368+00:00,3433365703,10.3,11.49,success,
2026-04-30T23:38:41.809+00:00,3300786375,10.38,11.49,success,
2026-04-30T23:38:43.245+00:00,3292594375,10.3,11.49,success,
2026-04-30T23:38:44.750+00:00,3284926663,10.3,11.49,success,
2026-04-30T23:38:46.435+00:00,3184427207,10.3,11.49,success,
2026-04-30T23:38:47.968+00:00,3180396743,10.3,11.49,success,
2026-04-30T23:38:49.514+00:00,3147366599,10.3,11.49,success,
2026-04-30T23:38:51.007+00:00,3123019975,10.3,11.49,success,
2026-04-30T23:38:52.464+00:00,3069608135,10.3,11.49,success,
2026-04-30T23:38:54.172+00:00,3052929223,10.3,11.49,success,
2026-04-30T23:38:55.640+00:00,3049488583,10.38,11.49,success,
2026-04-30T23:38:57.293+00:00,3023732935,10.3,11.49,success,
2026-04-30T23:38:58.774+00:00,2922283207,10.3,11.49,success,
2026-04-30T23:39:00.460+00:00,2885550279,10.3,11.49,success,
2026-04-30T23:39:02.147+00:00,2768208071,10.3,11.49,success,
2026-04-30T23:39:03.719+00:00,2736750791,10.3,11.49,success,
2026-04-30T23:39:05.370+00:00,2713944263,10.3,11.49,success,
2026-04-30T23:39:06.920+00:00,2695987399,10.3,11.49,success,
2026-04-30T23:39:08.640+00:00,2690810055,10.3,11.49,success,
2026-04-30T23:39:10.502+00:00,2663481543,10.38,11.49,success,
2026-04-30T23:39:11.998+00:00,2603286727,10.3,11.49,success,
2026-04-30T23:39:13.592+00:00,2591457479,10.3,11.49,success,
2026-04-30T23:39:15.152+00:00,2531262663,10.38,11.49,success,
2026-04-30T23:40:17.153+00:00,21836398791,18.2,18.2,success,
2026-04-30T23:40:18.639+00:00,21759819975,18.2,18.2,success,
2026-04-30T23:40:20.032+00:00,21557543111,18.2,18.2,success,
2026-04-30T23:40:21.459+00:00,21517271239,18.2,18.2,success,
2026-04-30T23:40:22.836+00:00,21424898247,18.2,18.2,success,
2026-04-30T23:40:24.253+00:00,21368766663,18.2,18.2,success,
2026-04-30T23:40:25.632+00:00,21351760071,18.2,18.2,success,
2026-04-30T23:40:26.960+00:00,21346975943,18.2,18.2,success,
2026-04-30T23:40:28.390+00:00,21237399751,18.2,18.2,success,
2026-04-30T23:40:29.816+00:00,20997701831,18.2,18.2,success,
2026-04-30T23:40:32.054+00:00,20996554951,18.2,18.2,success,
2026-04-30T23:40:33.501+00:00,20717830343,18.2,18.2,success,
2026-04-30T23:40:34.854+00:00,20602388679,18.2,18.2,success,
2026-04-30T23:40:36.239+00:00,20586102983,18.2,18.2,success,
2026-04-30T23:40:37.620+00:00,20532134087,18.2,18.2,success,
2026-04-30T23:40:39.009+00:00,20510834887,18.2,18.2,success,
2026-04-30T23:40:40.339+00:00,20464533703,18.2,18.2,error,Failed to update subscription 20464533703: Only active and paused subscriptions can be edited
2026-04-30T23:40:40.614+00:00,20334936263,18.2,18.2,success,
2026-04-30T23:40:41.888+00:00,20318912711,18.2,18.2,success,
2026-04-30T23:40:43.229+00:00,20286931143,18.2,18.2,success,
2026-04-30T23:40:44.537+00:00,20171423943,15.25,18.2,success,
2026-04-30T23:40:45.984+00:00,20137771207,18.2,18.2,success,
2026-04-30T23:40:47.348+00:00,20129841351,18.2,18.2,success,
2026-04-30T23:40:48.722+00:00,20052213959,18.2,18.2,success,
2026-04-30T23:40:50.121+00:00,19901677767,18.2,18.2,success,
2026-04-30T23:40:51.477+00:00,19862257863,18.2,18.2,success,
2026-04-30T23:40:52.874+00:00,19719160007,18.2,18.2,success,
2026-04-30T23:40:54.217+00:00,19665518791,18.2,18.2,success,
2026-04-30T23:40:55.545+00:00,19627278535,18.2,18.2,success,
2026-04-30T23:40:56.896+00:00,19605651655,18.2,18.2,success,
2026-04-30T23:41:58.895+00:00,19603849415,18.2,18.2,success,
2026-04-30T23:42:00.426+00:00,19435258055,18.2,18.2,success,
2026-04-30T23:42:01.825+00:00,19351863495,18.2,18.2,success,
2026-04-30T23:42:03.204+00:00,19143491783,18.2,18.2,success,
2026-04-30T23:42:04.638+00:00,19143327943,18.2,18.2,success,
2026-04-30T23:42:06.530+00:00,19134415047,18.2,18.2,success,
2026-04-30T23:42:07.976+00:00,19127795911,18.2,18.2,success,
2026-04-30T23:42:09.376+00:00,19040633031,18.2,18.2,success,
2026-04-30T23:42:10.744+00:00,19035881671,18.2,18.2,success,
2026-04-30T23:42:12.117+00:00,19015237831,18.2,18.2,success,
2026-04-30T23:42:13.472+00:00,19009044679,18.2,18.2,success,
2026-04-30T23:42:14.921+00:00,18974015687,18.2,18.2,success,
2026-04-30T23:42:16.304+00:00,18954911943,18.2,18.2,success,
2026-04-30T23:42:17.641+00:00,18882920647,18.2,18.2,success,
2026-04-30T23:42:19.088+00:00,18829574343,18.2,18.2,success,
2026-04-30T23:42:20.458+00:00,18740805831,18.2,18.2,success,
2026-04-30T23:42:21.878+00:00,17694261447,18.2,18.2,error,Failed to update subscription 17694261447: Only active and paused subscriptions can be edited
2026-04-30T23:42:22.166+00:00,17682071751,18.2,18.2,success,
2026-04-30T23:42:23.556+00:00,17566728391,18.2,18.2,success,
2026-04-30T23:42:25.431+00:00,17549885639,18.2,18.2,success,
2026-04-30T23:42:26.848+00:00,17520296135,18.2,18.2,success,
2026-04-30T23:42:28.262+00:00,17513316551,18.2,18.2,success,
2026-04-30T23:42:30.261+00:00,17433395399,18.2,18.2,success,
2026-04-30T23:42:31.631+00:00,17331421383,18.2,18.2,success,
2026-04-30T23:42:33.145+00:00,17297146055,18.2,18.2,success,
2026-04-30T23:42:34.596+00:00,17246781639,18.2,18.2,success,
2026-04-30T23:42:35.992+00:00,17198383303,18.2,18.2,success,
2026-04-30T23:42:37.541+00:00,17189765319,18.2,18.2,success,
2026-04-30T23:42:38.946+00:00,17171677383,18.2,18.2,success,
2026-04-30T23:42:40.329+00:00,17070457031,18.2,18.2,success,
2026-04-30T23:43:41.835+00:00,16834199751,18.2,18.2,success,
2026-04-30T23:43:43.248+00:00,16823484615,15.9,18.2,error,Failed to update subscription 16823484615: Only active and paused subscriptions can be edited
2026-04-30T23:43:43.542+00:00,16807035079,18.2,18.2,success,
2026-04-30T23:43:44.950+00:00,16784359623,18.2,18.2,success,
2026-04-30T23:43:46.324+00:00,16753164487,18.2,18.2,success,
2026-04-30T23:43:47.707+00:00,16728424647,18.2,18.2,success,
2026-04-30T23:43:49.119+00:00,16720986311,18.2,18.2,success,
2026-04-30T23:43:50.411+00:00,16713580743,15.25,18.2,success,
2026-04-30T23:43:52.185+00:00,16704995527,18.2,18.2,success,
2026-04-30T23:43:53.567+00:00,16670523591,13.96,18.2,success,
2026-04-30T23:43:54.977+00:00,16577921223,18.2,18.2,success,
2026-04-30T23:43:56.457+00:00,16572350663,18.2,18.2,success,
2026-04-30T23:43:57.844+00:00,16476831943,18.2,18.2,success,
2026-04-30T23:43:59.325+00:00,16459628743,18.2,18.2,success,
2026-04-30T23:44:00.726+00:00,16453337287,18.2,18.2,success,
2026-04-30T23:44:02.247+00:00,16417489095,18.2,18.2,success,
2026-04-30T23:44:03.692+00:00,16380068039,18.2,18.2,success,
2026-04-30T23:44:05.170+00:00,16269181127,18.2,18.2,success,
2026-04-30T23:44:06.572+00:00,16232153287,18.2,18.2,success,
2026-04-30T23:44:07.969+00:00,16166256839,18.2,18.2,success,
2026-04-30T23:44:09.366+00:00,16145187015,18.2,18.2,success,
2026-04-30T23:44:10.738+00:00,16048324807,18.2,18.2,success,
2026-04-30T23:44:12.124+00:00,15989670087,18.2,18.2,success,
2026-04-30T23:44:13.531+00:00,15935537351,18.2,18.2,success,
2026-04-30T23:44:15.443+00:00,15935504583,18.2,18.2,success,
2026-04-30T23:44:16.819+00:00,15917154503,18.2,18.2,success,
2026-04-30T23:44:18.145+00:00,15897723079,18.2,18.2,success,
2026-04-30T23:44:19.854+00:00,15896576199,18.2,18.2,success,
2026-04-30T23:44:21.164+00:00,15739486407,18.2,18.2,success,
2026-04-30T23:44:22.511+00:00,15716090055,18.2,18.2,success,
2026-04-30T23:45:08.483+00:00,,N/A,,error,Failed to fetch subscription undefined: Resource not found
2026-04-30T23:45:08.655+00:00,,N/A,,error,Failed to fetch subscription undefined: Resource not found
2026-04-30T23:45:08.728+00:00,,N/A,,error,Failed to fetch subscription undefined: Resource not found
2026-04-30T23:45:08.804+00:00,,N/A,,error,Failed to fetch subscription undefined: Resource not found
2026-04-30T23:45:08.879+00:00,,N/A,,error,Failed to fetch subscription undefined: Resource not found
2026-04-30T23:45:08.954+00:00,,N/A,,error,Failed to fetch subscription undefined: Resource not found
2026-04-30T23:45:09.036+00:00,,N/A,,error,Failed to fetch subscription undefined: Resource not found
2026-04-30T23:45:09.113+00:00,,N/A,,error,Failed to fetch subscription undefined: Resource not found
2026-04-30T23:45:09.183+00:00,,N/A,,error,Failed to fetch subscription undefined: Resource not found
2026-04-30T23:45:09.257+00:00,,N/A,,error,Failed to fetch subscription undefined: Resource not found
2026-04-30T23:45:09.328+00:00,,N/A,,error,Failed to fetch subscription undefined: Resource not found
2026-04-30T23:45:09.398+00:00,,N/A,,error,Failed to fetch subscription undefined: Resource not found
2026-04-30T23:45:09.468+00:00,,N/A,,error,Failed to fetch subscription undefined: Resource not found
2026-04-30T23:45:09.537+00:00,,N/A,,error,Failed to fetch subscription undefined: Resource not found
2026-04-30T23:45:09.609+00:00,,N/A,,error,Failed to fetch subscription undefined: Resource not found
2026-04-30T23:45:09.682+00:00,,N/A,,error,Failed to fetch subscription undefined: Resource not found
2026-04-30T23:45:09.758+00:00,,N/A,,error,Failed to fetch subscription undefined: Resource not found
2026-04-30T23:45:09.829+00:00,,N/A,,error,Failed to fetch subscription undefined: Resource not found
2026-04-30T23:45:09.898+00:00,,N/A,,error,Failed to fetch subscription undefined: Resource not found
2026-04-30T23:45:09.968+00:00,,N/A,,error,Failed to fetch subscription undefined: Resource not found
2026-04-30T23:45:10.038+00:00,,N/A,,error,Failed to fetch subscription undefined: Resource not found
2026-04-30T23:45:10.112+00:00,,N/A,,error,Failed to fetch subscription undefined: Resource not found
2026-04-30T23:45:10.182+00:00,,N/A,,error,Failed to fetch subscription undefined: Resource not found
2026-04-30T23:45:10.253+00:00,,N/A,,error,Failed to fetch subscription undefined: Resource not found
2026-04-30T23:45:10.327+00:00,,N/A,,error,Failed to fetch subscription undefined: Resource not found
2026-04-30T23:45:10.394+00:00,,N/A,,error,Failed to fetch subscription undefined: Resource not found
2026-04-30T23:45:10.465+00:00,,N/A,,error,Failed to fetch subscription undefined: Resource not found
2026-04-30T23:45:10.534+00:00,,N/A,,error,Failed to fetch subscription undefined: Resource not found
2026-04-30T23:45:10.606+00:00,,N/A,,error,Failed to fetch subscription undefined: Resource not found
2026-04-30T23:45:10.674+00:00,,N/A,,error,Failed to fetch subscription undefined: Resource not found
2026-04-30T23:45:23.907+00:00,15705505991,18.2,18.2,success,
2026-04-30T23:45:25.308+00:00,15694594247,18.2,18.2,success,
2026-04-30T23:45:26.680+00:00,15690367175,18.2,18.2,success,
2026-04-30T23:45:28.146+00:00,15645376711,18.2,18.2,success,
2026-04-30T23:45:29.585+00:00,15612739783,18.2,18.2,success,
2026-04-30T23:45:31.044+00:00,15452209351,18.2,18.2,success,
2026-04-30T23:45:32.509+00:00,15388442823,18.2,18.2,success,
2026-04-30T23:45:33.882+00:00,15324840135,18.2,18.2,success,
2026-04-30T23:45:35.344+00:00,15308325063,18.2,18.2,success,
2026-04-30T23:45:36.729+00:00,15299346631,18.2,18.2,success,
2026-04-30T23:45:38.172+00:00,15264776391,18.2,18.2,success,
2026-04-30T23:45:39.783+00:00,15234040007,18.2,18.2,success,
2026-04-30T23:45:41.254+00:00,15231582407,18.2,18.2,success,
2026-04-30T23:45:42.620+00:00,15150645447,18.2,18.2,success,
2026-04-30T23:45:44.011+00:00,15115157703,18.2,18.2,success,
2026-04-30T23:45:45.427+00:00,14729445575,18.2,18.2,success,
2026-04-30T23:45:46.750+00:00,14409728199,18.2,18.2,success,
2026-04-30T23:45:48.048+00:00,14405206215,18.2,18.2,success,
2026-04-30T23:45:49.526+00:00,14258274503,18.2,18.2,success,
2026-04-30T23:45:50.886+00:00,14219575495,18.2,18.2,success,
2026-04-30T23:45:52.268+00:00,14188347591,18.2,18.2,success,
2026-04-30T23:45:53.706+00:00,14046658759,18.2,18.2,success,
2026-04-30T23:45:55.125+00:00,13964411079,18.2,18.2,success,
2026-04-30T23:45:56.446+00:00,13924204743,18.2,18.2,success,
2026-04-30T23:45:57.783+00:00,13857587399,18.2,18.2,success,
2026-04-30T23:45:59.134+00:00,13807517895,18.2,18.2,success,
2026-04-30T23:46:00.493+00:00,13744537799,18.2,18.2,success,
2026-04-30T23:46:02.021+00:00,13725696199,18.2,18.2,success,
2026-04-30T23:46:03.599+00:00,13685653703,18.2,18.2,success,
2026-04-30T23:46:05.058+00:00,13664551111,18.2,18.2,error,Failed to update subscription 13664551111: Only active and paused subscriptions can be edited
2026-04-30T23:46:10.796+00:00,,N/A,,error,Failed to fetch subscription undefined: Resource not found
2026-04-30T23:46:10.886+00:00,,N/A,,error,Failed to fetch subscription undefined: Resource not found
2026-04-30T23:46:10.950+00:00,,N/A,,error,Failed to fetch subscription undefined: Resource not found
2026-04-30T23:46:11.013+00:00,,N/A,,error,Failed to fetch subscription undefined: Resource not found
2026-04-30T23:46:11.083+00:00,,N/A,,error,Failed to fetch subscription undefined: Resource not found
2026-04-30T23:46:11.154+00:00,,N/A,,error,Failed to fetch subscription undefined: Resource not found
2026-04-30T23:46:11.218+00:00,,N/A,,error,Failed to fetch subscription undefined: Resource not found
2026-04-30T23:46:11.283+00:00,,N/A,,error,Failed to fetch subscription undefined: Resource not found
2026-04-30T23:46:11.348+00:00,,N/A,,error,Failed to fetch subscription undefined: Resource not found
2026-04-30T23:46:11.414+00:00,,N/A,,error,Failed to fetch subscription undefined: Resource not found
2026-04-30T23:46:11.477+00:00,,N/A,,error,Failed to fetch subscription undefined: Resource not found
2026-04-30T23:46:11.541+00:00,,N/A,,error,Failed to fetch subscription undefined: Resource not found
2026-04-30T23:46:11.615+00:00,,N/A,,error,Failed to fetch subscription undefined: Resource not found
2026-04-30T23:46:11.682+00:00,,N/A,,error,Failed to fetch subscription undefined: Resource not found
2026-04-30T23:46:11.748+00:00,,N/A,,error,Failed to fetch subscription undefined: Resource not found
2026-04-30T23:46:11.813+00:00,,N/A,,error,Failed to fetch subscription undefined: Resource not found
2026-04-30T23:46:11.881+00:00,,N/A,,error,Failed to fetch subscription undefined: Resource not found
2026-04-30T23:46:11.944+00:00,,N/A,,error,Failed to fetch subscription undefined: Resource not found
2026-04-30T23:46:12.008+00:00,,N/A,,error,Failed to fetch subscription undefined: Resource not found
2026-04-30T23:46:12.071+00:00,,N/A,,error,Failed to fetch subscription undefined: Resource not found
2026-04-30T23:46:12.137+00:00,,N/A,,error,Failed to fetch subscription undefined: Resource not found
2026-04-30T23:46:12.205+00:00,,N/A,,error,Failed to fetch subscription undefined: Resource not found
2026-04-30T23:46:12.272+00:00,,N/A,,error,Failed to fetch subscription undefined: Resource not found
2026-04-30T23:46:12.335+00:00,,N/A,,error,Failed to fetch subscription undefined: Resource not found
2026-04-30T23:46:12.401+00:00,,N/A,,error,Failed to fetch subscription undefined: Resource not found
2026-04-30T23:46:12.469+00:00,,N/A,,error,Failed to fetch subscription undefined: Resource not found
2026-04-30T23:46:12.529+00:00,,N/A,,error,Failed to fetch subscription undefined: Resource not found
2026-04-30T23:46:12.595+00:00,,N/A,,error,Failed to fetch subscription undefined: Resource not found
2026-04-30T23:46:12.663+00:00,,N/A,,error,Failed to fetch subscription undefined: Resource not found
2026-04-30T23:46:12.727+00:00,,N/A,,error,Failed to fetch subscription undefined: Resource not found
2026-04-30T23:46:34.665+00:00,,N/A,,error,Failed to fetch subscription undefined: Resource not found
2026-04-30T23:46:34.825+00:00,,N/A,,error,Failed to fetch subscription undefined: Resource not found
2026-04-30T23:46:34.896+00:00,,N/A,,error,Failed to fetch subscription undefined: Resource not found
2026-04-30T23:46:34.964+00:00,,N/A,,error,Failed to fetch subscription undefined: Resource not found
2026-04-30T23:46:35.034+00:00,,N/A,,error,Failed to fetch subscription undefined: Resource not found
2026-04-30T23:46:35.111+00:00,,N/A,,error,Failed to fetch subscription undefined: Resource not found
2026-04-30T23:46:35.181+00:00,,N/A,,error,Failed to fetch subscription undefined: Resource not found
2026-04-30T23:46:35.247+00:00,,N/A,,error,Failed to fetch subscription undefined: Resource not found
2026-04-30T23:46:35.316+00:00,,N/A,,error,Failed to fetch subscription undefined: Resource not found
2026-04-30T23:46:35.385+00:00,,N/A,,error,Failed to fetch subscription undefined: Resource not found
2026-04-30T23:46:35.453+00:00,,N/A,,error,Failed to fetch subscription undefined: Resource not found
2026-04-30T23:46:35.525+00:00,,N/A,,error,Failed to fetch subscription undefined: Resource not found
2026-04-30T23:46:35.594+00:00,,N/A,,error,Failed to fetch subscription undefined: Resource not found
2026-04-30T23:46:35.659+00:00,,N/A,,error,Failed to fetch subscription undefined: Resource not found
2026-04-30T23:46:35.728+00:00,,N/A,,error,Failed to fetch subscription undefined: Resource not found
2026-04-30T23:46:35.800+00:00,,N/A,,error,Failed to fetch subscription undefined: Resource not found
2026-04-30T23:46:35.868+00:00,,N/A,,error,Failed to fetch subscription undefined: Resource not found
2026-04-30T23:46:35.938+00:00,,N/A,,error,Failed to fetch subscription undefined: Resource not found
2026-04-30T23:46:36.007+00:00,,N/A,,error,Failed to fetch subscription undefined: Resource not found
2026-04-30T23:46:36.075+00:00,,N/A,,error,Failed to fetch subscription undefined: Resource not found
2026-04-30T23:46:36.139+00:00,,N/A,,error,Failed to fetch subscription undefined: Resource not found
2026-04-30T23:46:36.241+00:00,,N/A,,error,Failed to fetch subscription undefined: Resource not found
2026-04-30T23:46:36.304+00:00,,N/A,,error,Failed to fetch subscription undefined: Resource not found
2026-04-30T23:46:36.372+00:00,,N/A,,error,Failed to fetch subscription undefined: Resource not found
2026-04-30T23:46:36.440+00:00,,N/A,,error,Failed to fetch subscription undefined: Resource not found
2026-04-30T23:46:36.505+00:00,,N/A,,error,Failed to fetch subscription undefined: Resource not found
2026-04-30T23:46:36.570+00:00,,N/A,,error,Failed to fetch subscription undefined: Resource not found
2026-04-30T23:46:36.635+00:00,,N/A,,error,Failed to fetch subscription undefined: Resource not found
2026-04-30T23:46:36.698+00:00,,N/A,,error,Failed to fetch subscription undefined: Resource not found
2026-04-30T23:46:36.766+00:00,,N/A,,error,Failed to fetch subscription undefined: Resource not found
2026-04-30T23:47:05.426+00:00,13644693703,18.2,18.2,success,
2026-04-30T23:47:06.982+00:00,13637025991,18.2,18.2,success,
2026-04-30T23:47:08.414+00:00,13504512199,18.2,18.2,success,
2026-04-30T23:47:09.857+00:00,13346734279,18.2,18.2,success,
2026-04-30T23:47:11.263+00:00,13326483655,18.2,18.2,success,
2026-04-30T23:47:12.846+00:00,,N/A,,error,Failed to fetch subscription undefined: Resource not found
2026-04-30T23:47:12.974+00:00,,N/A,,error,Failed to fetch subscription undefined: Resource not found
2026-04-30T23:47:13.045+00:00,,N/A,,error,Failed to fetch subscription undefined: Resource not found
2026-04-30T23:47:13.113+00:00,,N/A,,error,Failed to fetch subscription undefined: Resource not found
2026-04-30T23:47:13.185+00:00,,N/A,,error,Failed to fetch subscription undefined: Resource not found
2026-04-30T23:47:13.257+00:00,,N/A,,error,Failed to fetch subscription undefined: Resource not found
2026-04-30T23:47:13.323+00:00,,N/A,,error,Failed to fetch subscription undefined: Resource not found
2026-04-30T23:47:13.388+00:00,,N/A,,error,Failed to fetch subscription undefined: Resource not found
2026-04-30T23:47:13.457+00:00,,N/A,,error,Failed to fetch subscription undefined: Resource not found
2026-04-30T23:47:13.522+00:00,,N/A,,error,Failed to fetch subscription undefined: Resource not found
2026-04-30T23:47:13.587+00:00,,N/A,,error,Failed to fetch subscription undefined: Resource not found
2026-04-30T23:47:13.659+00:00,,N/A,,error,Failed to fetch subscription undefined: Resource not found
2026-04-30T23:47:13.725+00:00,,N/A,,error,Failed to fetch subscription undefined: Resource not found
2026-04-30T23:47:13.791+00:00,,N/A,,error,Failed to fetch subscription undefined: Resource not found
2026-04-30T23:47:13.859+00:00,,N/A,,error,Failed to fetch subscription undefined: Resource not found
2026-04-30T23:47:13.935+00:00,,N/A,,error,Failed to fetch subscription undefined: Resource not found
2026-04-30T23:47:12.665+00:00,13319667911,18.2,18.2,success,
2026-04-30T23:47:14.001+00:00,,N/A,,error,Failed to fetch subscription undefined: Resource not found
2026-04-30T23:47:14.088+00:00,,N/A,,error,Failed to fetch subscription undefined: Resource not found
2026-04-30T23:47:14.166+00:00,,N/A,,error,Failed to fetch subscription undefined: Resource not found
2026-04-30T23:47:14.234+00:00,,N/A,,error,Failed to fetch subscription undefined: Resource not found
2026-04-30T23:47:14.301+00:00,,N/A,,error,Failed to fetch subscription undefined: Resource not found
2026-04-30T23:47:14.376+00:00,,N/A,,error,Failed to fetch subscription undefined: Resource not found
2026-04-30T23:47:14.443+00:00,,N/A,,error,Failed to fetch subscription undefined: Resource not found
2026-04-30T23:47:14.512+00:00,,N/A,,error,Failed to fetch subscription undefined: Resource not found
2026-04-30T23:47:14.578+00:00,,N/A,,error,Failed to fetch subscription undefined: Resource not found
2026-04-30T23:47:14.644+00:00,,N/A,,error,Failed to fetch subscription undefined: Resource not found
2026-04-30T23:47:14.709+00:00,,N/A,,error,Failed to fetch subscription undefined: Resource not found
2026-04-30T23:47:14.778+00:00,,N/A,,error,Failed to fetch subscription undefined: Resource not found
2026-04-30T23:47:14.851+00:00,,N/A,,error,Failed to fetch subscription undefined: Resource not found
2026-04-30T23:47:14.924+00:00,,N/A,,error,Failed to fetch subscription undefined: Resource not found
2026-04-30T23:47:14.023+00:00,13267665095,18.2,18.2,success,
2026-04-30T23:47:15.368+00:00,13225787591,18.2,18.2,success,
2026-04-30T23:47:16.697+00:00,13221200071,18.2,18.2,success,
2026-04-30T23:47:17.997+00:00,13172703431,18.2,18.2,success,
2026-04-30T23:47:19.378+00:00,13084786887,18.2,18.2,success,
2026-04-30T23:47:20.811+00:00,12933071047,18.2,18.2,success,
2026-04-30T23:47:22.229+00:00,12922552519,18.2,18.2,success,
2026-04-30T23:47:23.602+00:00,12837028039,18.2,18.2,success,
2026-04-30T23:47:24.970+00:00,12756910279,18.2,18.2,success,
2026-04-30T23:47:26.358+00:00,12735119559,18.2,18.2,success,
2026-04-30T23:47:27.804+00:00,12633931975,18.2,18.2,success,
2026-04-30T23:47:29.332+00:00,12197462215,18.2,18.2,success,
2026-04-30T23:47:30.615+00:00,12189597895,18.2,18.2,success,
2026-04-30T23:47:31.999+00:00,12087263431,18.2,18.2,success,
2026-04-30T23:47:33.306+00:00,12054364359,18.2,18.2,success,
2026-04-30T23:47:34.672+00:00,11941281991,18.2,18.2,success,
2026-04-30T23:47:36.884+00:00,,N/A,,error,Failed to fetch subscription undefined: Resource not found
2026-04-30T23:47:37.028+00:00,,N/A,,error,Failed to fetch subscription undefined: Resource not found
2026-04-30T23:47:37.098+00:00,,N/A,,error,Failed to fetch subscription undefined: Resource not found
2026-04-30T23:47:37.171+00:00,,N/A,,error,Failed to fetch subscription undefined: Resource not found
2026-04-30T23:47:37.239+00:00,,N/A,,error,Failed to fetch subscription undefined: Resource not found
2026-04-30T23:47:37.309+00:00,,N/A,,error,Failed to fetch subscription undefined: Resource not found
2026-04-30T23:47:35.997+00:00,11919491271,18.2,18.2,success,
2026-04-30T23:47:37.378+00:00,,N/A,,error,Failed to fetch subscription undefined: Resource not found
2026-04-30T23:47:37.446+00:00,,N/A,,error,Failed to fetch subscription undefined: Resource not found
2026-04-30T23:47:37.515+00:00,,N/A,,error,Failed to fetch subscription undefined: Resource not found
2026-04-30T23:47:37.582+00:00,,N/A,,error,Failed to fetch subscription undefined: Resource not found
2026-04-30T23:47:37.660+00:00,,N/A,,error,Failed to fetch subscription undefined: Resource not found
2026-04-30T23:47:37.726+00:00,,N/A,,error,Failed to fetch subscription undefined: Resource not found
2026-04-30T23:47:37.793+00:00,,N/A,,error,Failed to fetch subscription undefined: Resource not found
2026-04-30T23:47:37.862+00:00,,N/A,,error,Failed to fetch subscription undefined: Resource not found
2026-04-30T23:47:37.937+00:00,,N/A,,error,Failed to fetch subscription undefined: Resource not found
2026-04-30T23:47:38.003+00:00,,N/A,,error,Failed to fetch subscription undefined: Resource not found
2026-04-30T23:47:38.092+00:00,,N/A,,error,Failed to fetch subscription undefined: Resource not found
2026-04-30T23:47:38.165+00:00,,N/A,,error,Failed to fetch subscription undefined: Resource not found
2026-04-30T23:47:38.236+00:00,,N/A,,error,Failed to fetch subscription undefined: Resource not found
2026-04-30T23:47:38.303+00:00,,N/A,,error,Failed to fetch subscription undefined: Resource not found
2026-04-30T23:47:38.375+00:00,,N/A,,error,Failed to fetch subscription undefined: Resource not found
2026-04-30T23:47:38.456+00:00,,N/A,,error,Failed to fetch subscription undefined: Resource not found
2026-04-30T23:47:38.522+00:00,,N/A,,error,Failed to fetch subscription undefined: Resource not found
2026-04-30T23:47:38.588+00:00,,N/A,,error,Failed to fetch subscription undefined: Resource not found
2026-04-30T23:47:37.398+00:00,11886330055,18.2,18.2,success,
2026-04-30T23:47:38.656+00:00,,N/A,,error,Failed to fetch subscription undefined: Resource not found
2026-04-30T23:47:38.723+00:00,,N/A,,error,Failed to fetch subscription undefined: Resource not found
2026-04-30T23:47:38.795+00:00,,N/A,,error,Failed to fetch subscription undefined: Resource not found
2026-04-30T23:47:38.878+00:00,,N/A,,error,Failed to fetch subscription undefined: Resource not found
2026-04-30T23:47:38.945+00:00,,N/A,,error,Failed to fetch subscription undefined: Resource not found
2026-04-30T23:47:39.017+00:00,,N/A,,error,Failed to fetch subscription undefined: Resource not found
2026-04-30T23:47:38.703+00:00,11867128007,18.2,18.2,success,
2026-04-30T23:47:40.067+00:00,11841798343,18.2,18.2,success,
2026-04-30T23:47:41.500+00:00,11759976647,18.2,18.2,success,
2026-04-30T23:47:42.949+00:00,11718262983,18.2,18.2,success,
2026-04-30T23:47:44.476+00:00,11669012679,18.2,18.2,success,
2026-04-30T23:47:46.192+00:00,11663442119,18.2,18.2,success,
2026-04-30T23:48:15.047+00:00,,N/A,,error,Failed to fetch subscription undefined: Resource not found
2026-04-30T23:48:15.165+00:00,,N/A,,error,Failed to fetch subscription undefined: Resource not found
2026-04-30T23:48:15.234+00:00,,N/A,,error,Failed to fetch subscription undefined: Resource not found
2026-04-30T23:48:15.308+00:00,,N/A,,error,Failed to fetch subscription undefined: Resource not found
2026-04-30T23:48:15.379+00:00,,N/A,,error,Failed to fetch subscription undefined: Resource not found
2026-04-30T23:48:15.447+00:00,,N/A,,error,Failed to fetch subscription undefined: Resource not found
2026-04-30T23:48:15.516+00:00,,N/A,,error,Failed to fetch subscription undefined: Resource not found
2026-04-30T23:48:15.584+00:00,,N/A,,error,Failed to fetch subscription undefined: Resource not found
2026-04-30T23:48:15.655+00:00,,N/A,,error,Failed to fetch subscription undefined: Resource not found
2026-04-30T23:48:15.732+00:00,,N/A,,error,Failed to fetch subscription undefined: Resource not found
2026-04-30T23:48:15.815+00:00,,N/A,,error,Failed to fetch subscription undefined: Resource not found
2026-04-30T23:48:15.883+00:00,,N/A,,error,Failed to fetch subscription undefined: Resource not found
2026-04-30T23:48:15.952+00:00,,N/A,,error,Failed to fetch subscription undefined: Resource not found
2026-04-30T23:48:16.023+00:00,,N/A,,error,Failed to fetch subscription undefined: Resource not found
2026-04-30T23:48:16.093+00:00,,N/A,,error,Failed to fetch subscription undefined: Resource not found
2026-04-30T23:48:16.167+00:00,,N/A,,error,Failed to fetch subscription undefined: Resource not found
2026-04-30T23:48:16.258+00:00,,N/A,,error,Failed to fetch subscription undefined: Resource not found
2026-04-30T23:48:16.329+00:00,,N/A,,error,Failed to fetch subscription undefined: Resource not found
2026-04-30T23:48:16.399+00:00,,N/A,,error,Failed to fetch subscription undefined: Resource not found
2026-04-30T23:48:16.478+00:00,,N/A,,error,Failed to fetch subscription undefined: Resource not found
2026-04-30T23:48:16.549+00:00,,N/A,,error,Failed to fetch subscription undefined: Resource not found
2026-04-30T23:48:16.621+00:00,,N/A,,error,Failed to fetch subscription undefined: Resource not found
2026-04-30T23:48:16.689+00:00,,N/A,,error,Failed to fetch subscription undefined: Resource not found
2026-04-30T23:48:16.757+00:00,,N/A,,error,Failed to fetch subscription undefined: Resource not found
2026-04-30T23:48:16.848+00:00,,N/A,,error,Failed to fetch subscription undefined: Resource not found
2026-04-30T23:48:16.920+00:00,,N/A,,error,Failed to fetch subscription undefined: Resource not found
2026-04-30T23:48:16.991+00:00,,N/A,,error,Failed to fetch subscription undefined: Resource not found
2026-04-30T23:48:17.067+00:00,,N/A,,error,Failed to fetch subscription undefined: Resource not found
2026-04-30T23:48:17.136+00:00,,N/A,,error,Failed to fetch subscription undefined: Resource not found
2026-04-30T23:48:17.205+00:00,,N/A,,error,Failed to fetch subscription undefined: Resource not found
2026-04-30T23:48:39.141+00:00,,N/A,,error,Failed to fetch subscription undefined: Resource not found
2026-04-30T23:48:39.281+00:00,,N/A,,error,Failed to fetch subscription undefined: Resource not found
2026-04-30T23:48:39.358+00:00,,N/A,,error,Failed to fetch subscription undefined: Resource not found
2026-04-30T23:48:39.428+00:00,,N/A,,error,Failed to fetch subscription undefined: Resource not found
2026-04-30T23:48:39.499+00:00,,N/A,,error,Failed to fetch subscription undefined: Resource not found
2026-04-30T23:48:39.577+00:00,,N/A,,error,Failed to fetch subscription undefined: Resource not found
2026-04-30T23:48:39.653+00:00,,N/A,,error,Failed to fetch subscription undefined: Resource not found
2026-04-30T23:48:39.722+00:00,,N/A,,error,Failed to fetch subscription undefined: Resource not found
2026-04-30T23:48:39.795+00:00,,N/A,,error,Failed to fetch subscription undefined: Resource not found
2026-04-30T23:48:39.868+00:00,,N/A,,error,Failed to fetch subscription undefined: Resource not found
2026-04-30T23:48:39.935+00:00,,N/A,,error,Failed to fetch subscription undefined: Resource not found
2026-04-30T23:48:40.005+00:00,,N/A,,error,Failed to fetch subscription undefined: Resource not found
2026-04-30T23:48:40.079+00:00,,N/A,,error,Failed to fetch subscription undefined: Resource not found
2026-04-30T23:48:40.153+00:00,,N/A,,error,Failed to fetch subscription undefined: Resource not found
2026-04-30T23:48:40.221+00:00,,N/A,,error,Failed to fetch subscription undefined: Resource not found
2026-04-30T23:48:40.297+00:00,,N/A,,error,Failed to fetch subscription undefined: Resource not found
2026-04-30T23:48:40.365+00:00,,N/A,,error,Failed to fetch subscription undefined: Resource not found
2026-04-30T23:48:40.432+00:00,,N/A,,error,Failed to fetch subscription undefined: Resource not found
2026-04-30T23:48:40.501+00:00,,N/A,,error,Failed to fetch subscription undefined: Resource not found
2026-04-30T23:48:40.571+00:00,,N/A,,error,Failed to fetch subscription undefined: Resource not found
2026-04-30T23:48:40.640+00:00,,N/A,,error,Failed to fetch subscription undefined: Resource not found
2026-04-30T23:48:40.706+00:00,,N/A,,error,Failed to fetch subscription undefined: Resource not found
2026-04-30T23:48:40.776+00:00,,N/A,,error,Failed to fetch subscription undefined: Resource not found
2026-04-30T23:48:40.845+00:00,,N/A,,error,Failed to fetch subscription undefined: Resource not found
2026-04-30T23:48:40.912+00:00,,N/A,,error,Failed to fetch subscription undefined: Resource not found
2026-04-30T23:48:40.980+00:00,,N/A,,error,Failed to fetch subscription undefined: Resource not found
2026-04-30T23:48:41.051+00:00,,N/A,,error,Failed to fetch subscription undefined: Resource not found
2026-04-30T23:48:41.120+00:00,,N/A,,error,Failed to fetch subscription undefined: Resource not found
2026-04-30T23:48:41.188+00:00,,N/A,,error,Failed to fetch subscription undefined: Resource not found
2026-04-30T23:48:41.258+00:00,,N/A,,error,Failed to fetch subscription undefined: Resource not found
2026-04-30T23:48:47.601+00:00,11549376711,18.2,18.2,success,
2026-04-30T23:48:49.043+00:00,11528634567,18.2,18.2,success,
2026-04-30T23:48:50.448+00:00,11511857351,18.2,18.2,success,
2026-04-30T23:48:52.101+00:00,11448320199,18.2,18.2,success,
2026-04-30T23:48:53.473+00:00,11442847943,18.2,18.2,success,
2026-04-30T23:48:54.830+00:00,11303616711,18.2,18.2,success,
2026-04-30T23:48:56.138+00:00,10159227079,18.2,18.2,success,
2026-04-30T23:48:57.553+00:00,10067312839,18.2,18.2,success,
2026-04-30T23:49:17.477+00:00,,N/A,,error,Failed to fetch subscription undefined: Resource not found
2026-04-30T23:49:17.659+00:00,,N/A,,error,Failed to fetch subscription undefined: Resource not found
2026-04-30T23:49:17.731+00:00,,N/A,,error,Failed to fetch subscription undefined: Resource not found
2026-04-30T23:49:17.801+00:00,,N/A,,error,Failed to fetch subscription undefined: Resource not found
2026-04-30T23:49:17.876+00:00,,N/A,,error,Failed to fetch subscription undefined: Resource not found
2026-04-30T23:49:17.949+00:00,,N/A,,error,Failed to fetch subscription undefined: Resource not found
2026-04-30T23:49:18.018+00:00,,N/A,,error,Failed to fetch subscription undefined: Resource not found
2026-04-30T23:49:18.090+00:00,,N/A,,error,Failed to fetch subscription undefined: Resource not found
2026-04-30T23:49:18.169+00:00,,N/A,,error,Failed to fetch subscription undefined: Resource not found
2026-04-30T23:49:18.240+00:00,,N/A,,error,Failed to fetch subscription undefined: Resource not found
2026-04-30T23:49:18.308+00:00,,N/A,,error,Failed to fetch subscription undefined: Resource not found
2026-04-30T23:49:18.381+00:00,,N/A,,error,Failed to fetch subscription undefined: Resource not found
2026-04-30T23:49:18.450+00:00,,N/A,,error,Failed to fetch subscription undefined: Resource not found
2026-04-30T23:49:18.518+00:00,,N/A,,error,Failed to fetch subscription undefined: Resource not found
2026-04-30T23:49:18.588+00:00,,N/A,,error,Failed to fetch subscription undefined: Resource not found
2026-04-30T23:49:18.656+00:00,,N/A,,error,Failed to fetch subscription undefined: Resource not found
2026-04-30T23:49:18.723+00:00,,N/A,,error,Failed to fetch subscription undefined: Resource not found
2026-04-30T23:49:18.789+00:00,,N/A,,error,Failed to fetch subscription undefined: Resource not found
2026-04-30T23:49:18.858+00:00,,N/A,,error,Failed to fetch subscription undefined: Resource not found
2026-04-30T23:49:18.925+00:00,,N/A,,error,Failed to fetch subscription undefined: Resource not found
2026-04-30T23:49:18.994+00:00,,N/A,,error,Failed to fetch subscription undefined: Resource not found
2026-04-30T23:49:19.066+00:00,,N/A,,error,Failed to fetch subscription undefined: Resource not found
2026-04-30T23:49:19.133+00:00,,N/A,,error,Failed to fetch subscription undefined: Resource not found
2026-04-30T23:49:19.202+00:00,,N/A,,error,Failed to fetch subscription undefined: Resource not found
2026-04-30T23:49:19.270+00:00,,N/A,,error,Failed to fetch subscription undefined: Resource not found
2026-04-30T23:49:19.338+00:00,,N/A,,error,Failed to fetch subscription undefined: Resource not found
2026-04-30T23:49:19.414+00:00,,N/A,,error,Failed to fetch subscription undefined: Resource not found
2026-04-30T23:49:19.484+00:00,,N/A,,error,Failed to fetch subscription undefined: Resource not found
2026-04-30T23:49:19.556+00:00,,N/A,,error,Failed to fetch subscription undefined: Resource not found
2026-04-30T23:49:19.627+00:00,,N/A,,error,Failed to fetch subscription undefined: Resource not found
2026-04-30T23:51:46.693+00:00,,N/A,,error,Failed to fetch subscription undefined: Resource not found
2026-04-30T23:51:46.907+00:00,,N/A,,error,Failed to fetch subscription undefined: Resource not found
2026-04-30T23:51:46.978+00:00,,N/A,,error,Failed to fetch subscription undefined: Resource not found
2026-04-30T23:51:47.050+00:00,,N/A,,error,Failed to fetch subscription undefined: Resource not found
2026-04-30T23:51:47.121+00:00,,N/A,,error,Failed to fetch subscription undefined: Resource not found
2026-04-30T23:51:47.193+00:00,,N/A,,error,Failed to fetch subscription undefined: Resource not found
2026-04-30T23:51:47.259+00:00,,N/A,,error,Failed to fetch subscription undefined: Resource not found
2026-04-30T23:51:47.329+00:00,,N/A,,error,Failed to fetch subscription undefined: Resource not found
2026-04-30T23:51:47.399+00:00,,N/A,,error,Failed to fetch subscription undefined: Resource not found
2026-04-30T23:51:47.468+00:00,,N/A,,error,Failed to fetch subscription undefined: Resource not found
2026-04-30T23:52:33.807+00:00,26842726599,18.2,20.49,success,
2026-04-30T23:52:35.264+00:00,22174793927,18.2,20.49,success,
2026-04-30T23:52:36.733+00:00,22060073159,18.2,20.49,success,
2026-04-30T23:52:38.054+00:00,21998174407,18.2,20.49,success,
2026-04-30T23:52:39.455+00:00,21965340871,18.2,20.49,success,
2026-04-30T23:52:40.839+00:00,21944565959,18.2,20.49,success,
2026-04-30T23:52:42.216+00:00,21919924423,18.2,20.49,success,
2026-04-30T23:52:43.628+00:00,21886238919,18.2,20.49,success,
2026-04-30T23:52:45.388+00:00,21854879943,18.2,20.49,success,
2026-04-30T23:52:46.749+00:00,21836824775,18.2,20.49,success,
2026-04-30T23:52:48.103+00:00,21829419207,18.2,20.49,success,
2026-04-30T23:52:49.443+00:00,21801894087,18.2,20.49,success,
2026-04-30T23:52:50.763+00:00,21800943815,18.2,20.49,success,
2026-04-30T23:52:52.138+00:00,21759819975,18.2,20.49,success,
2026-04-30T23:52:53.467+00:00,21738717383,18.2,20.49,success,
2026-04-30T23:52:54.841+00:00,21517271239,18.2,20.49,success,
2026-04-30T23:52:56.220+00:00,21488730311,18.2,20.49,success,
2026-04-30T23:52:57.577+00:00,21379678407,18.2,20.49,success,
2026-04-30T23:52:58.910+00:00,21370994887,18.2,20.49,success,
2026-04-30T23:53:00.372+00:00,21353955527,18.2,20.49,success,
2026-04-30T23:53:01.772+00:00,21345763527,18.2,20.49,success,
2026-04-30T23:53:03.121+00:00,21249982663,18.2,20.49,success,
2026-04-30T23:53:04.527+00:00,21222260935,18.2,20.49,success,
2026-04-30T23:53:05.896+00:00,21000519879,18.2,20.49,success,
2026-04-30T23:53:07.327+00:00,20999241927,18.2,20.49,success,
2026-04-30T23:53:08.702+00:00,20978827463,18.2,20.49,success,
2026-04-30T23:53:10.000+00:00,20976238791,18.2,20.49,success,
2026-04-30T23:53:11.342+00:00,20959068359,18.2,20.49,success,
2026-04-30T23:53:12.697+00:00,20945305799,18.2,20.49,success,
2026-04-30T23:53:14.087+00:00,20906311879,18.2,20.49,success,
2026-04-30T23:54:15.577+00:00,20873609415,18.2,20.49,success,
2026-04-30T23:54:17.514+00:00,20857323719,18.2,20.49,success,
2026-04-30T23:54:18.918+00:00,20830519495,18.2,20.49,success,
2026-04-30T23:54:20.284+00:00,20735099079,18.2,20.49,success,
2026-04-30T23:54:21.657+00:00,20692435143,18.2,20.49,success,
2026-04-30T23:54:23.053+00:00,20624539847,18.2,20.49,success,
2026-04-30T23:54:24.493+00:00,20602388679,18.2,20.49,success,
2026-04-30T23:54:25.839+00:00,20587806919,18.2,20.49,success,
2026-04-30T23:54:27.360+00:00,20575912135,18.2,20.49,success,
2026-04-30T23:54:28.679+00:00,20570538183,18.2,20.49,success,
2026-04-30T23:54:30.104+00:00,20536623303,18.2,20.49,success,
2026-04-30T23:54:31.524+00:00,20393722055,18.2,20.49,success,
2026-04-30T23:54:32.912+00:00,20389036231,18.2,20.49,success,
2026-04-30T23:54:34.267+00:00,20334936263,18.2,20.49,success,
2026-04-30T23:54:35.575+00:00,20217036999,18.2,20.49,success,
2026-04-30T23:54:36.901+00:00,20207108295,18.2,20.49,success,
2026-04-30T23:54:38.277+00:00,19757957319,18.2,20.49,success,
2026-04-30T23:54:39.659+00:00,19517735111,18.2,20.49,success,
2026-04-30T23:54:40.991+00:00,19435749575,18.2,20.49,success,
2026-04-30T23:54:42.385+00:00,19430375623,18.2,20.49,success,
2026-04-30T23:54:43.843+00:00,19230097607,18.2,20.49,success,
2026-04-30T23:54:45.316+00:00,19218890951,18.2,20.49,success,
2026-04-30T23:54:46.723+00:00,19181011143,18.2,20.49,success,
2026-04-30T23:54:48.049+00:00,19149914311,18.2,20.49,success,
2026-04-30T23:54:49.408+00:00,19137790151,18.2,20.49,success,
2026-04-30T23:54:50.902+00:00,18962907335,18.2,20.49,success,
2026-04-30T23:54:52.429+00:00,18954911943,18.2,20.49,success,
2026-04-30T23:54:53.748+00:00,18931253447,18.2,20.49,success,
2026-04-30T23:54:55.146+00:00,18917130439,18.2,20.49,success,
2026-04-30T23:54:56.564+00:00,18835013831,18.2,20.49,success,
2026-04-30T23:55:58.026+00:00,17705730247,18.2,20.49,success,
2026-04-30T23:55:59.492+00:00,17536516295,18.2,20.49,success,
2026-04-30T23:56:00.893+00:00,17493590215,18.2,20.49,success,
2026-04-30T23:56:02.322+00:00,17403969735,18.2,20.49,success,
2026-04-30T23:56:03.670+00:00,17387880647,18.2,20.49,success,
2026-04-30T23:56:05.142+00:00,17329520839,18.2,20.49,success,
2026-04-30T23:56:06.521+00:00,17317789895,18.2,20.49,success,
2026-04-30T23:56:07.870+00:00,17301602503,18.2,20.49,success,
2026-04-30T23:56:09.265+00:00,17265295559,18.2,20.49,success,
2026-04-30T23:56:10.650+00:00,17033003207,18.2,20.49,success,
2026-04-30T23:56:11.936+00:00,16841605319,18.2,20.49,success,
2026-04-30T23:56:13.299+00:00,16821682375,18.2,20.49,success,
2026-04-30T23:56:14.666+00:00,16784130247,18.2,20.49,success,
2026-04-30T23:56:16.065+00:00,16781803719,18.2,20.49,success,
2026-04-30T23:56:17.460+00:00,16744644807,18.2,20.49,success,
2026-04-30T23:56:18.789+00:00,16659185863,18.2,20.49,success,
2026-04-30T23:56:20.140+00:00,16593813703,18.2,20.49,success,
2026-04-30T23:56:21.590+00:00,16529359047,18.2,20.49,success,
2026-04-30T23:56:22.956+00:00,16364634311,18.2,20.49,success,
2026-04-30T23:56:24.325+00:00,16154951879,18.2,20.49,success,
2026-04-30T23:56:25.742+00:00,16106324167,18.2,20.49,success,
2026-04-30T23:56:27.171+00:00,16100786375,18.2,20.49,success,
2026-04-30T23:56:28.638+00:00,16086237383,18.2,20.49,success,
2026-04-30T23:56:30.113+00:00,16017031367,18.2,20.49,success,
2026-04-30T23:56:31.512+00:00,15918760135,18.2,20.49,success,
2026-04-30T23:56:32.917+00:00,15678832839,18.2,20.49,success,
2026-04-30T23:56:34.295+00:00,15199699143,18.2,20.49,success,
2026-04-30T23:56:35.718+00:00,14957609159,18.2,20.49,success,
2026-04-30T23:56:37.120+00:00,14921498823,18.2,20.49,success,
2026-04-30T23:56:38.627+00:00,14698348743,18.2,20.49,success,
